This is pdfTeX, Version 3.141592653-2.6-1.40.26 (TeX Live 2024) (preloaded format=pdflatex 2024.12.22)  20 JAN 2025 11:27
entering extended mode
 restricted \write18 enabled.
 file:line:error style messages enabled.
 %&-line parsing enabled.
**Algebra_Aluffi.tex
(./Algebra_Aluffi.tex
LaTeX2e <2024-11-01> patch level 1
L3 programming layer <2024-11-02>
(/usr/local/texlive/2024/texmf-dist/tex/latex/base/report.cls
Document Class: report 2024/06/29 v1.4n Standard LaTeX document class
(/usr/local/texlive/2024/texmf-dist/tex/latex/base/size11.clo
File: size11.clo 2024/06/29 v1.4n Standard LaTeX file (size option)
)
\c@part=\count196
\c@chapter=\count197
\c@section=\count198
\c@subsection=\count199
\c@subsubsection=\count266
\c@paragraph=\count267
\c@subparagraph=\count268
\c@figure=\count269
\c@table=\count270
\abovecaptionskip=\skip49
\belowcaptionskip=\skip50
\bibindent=\dimen141
) (../../University/bachelor_2/Semester_1/preamble.tex (/usr/local/texlive/2024/texmf-dist/tex/latex/base/inputenc.sty
Package: inputenc 2024/02/08 v1.3d Input encoding file
\inpenc@prehook=\toks17
\inpenc@posthook=\toks18
) (/usr/local/texlive/2024/texmf-dist/tex/latex/base/fontenc.sty
Package: fontenc 2021/04/29 v2.0v Standard LaTeX package
) (/usr/local/texlive/2024/texmf-dist/tex/latex/graphics/graphicx.sty
Package: graphicx 2021/09/16 v1.2d Enhanced LaTeX Graphics (DPC,SPQR)
 (/usr/local/texlive/2024/texmf-dist/tex/latex/graphics/keyval.sty
Package: keyval 2022/05/29 v1.15 key=value parser (DPC)
\KV@toks@=\toks19
) (/usr/local/texlive/2024/texmf-dist/tex/latex/graphics/graphics.sty
Package: graphics 2024/08/06 v1.4g Standard LaTeX Graphics (DPC,SPQR)
 (/usr/local/texlive/2024/texmf-dist/tex/latex/graphics/trig.sty
Package: trig 2023/12/02 v1.11 sin cos tan (DPC)
) (/usr/local/texlive/2024/texmf-dist/tex/latex/graphics-cfg/graphics.cfg
File: graphics.cfg 2016/06/04 v1.11 sample graphics configuration
)
Package graphics Info: Driver file: pdftex.def on input line 106.
 (/usr/local/texlive/2024/texmf-dist/tex/latex/graphics-def/pdftex.def
File: pdftex.def 2024/04/13 v1.2c Graphics/color driver for pdftex
))
\Gin@req@height=\dimen142
\Gin@req@width=\dimen143
) (/usr/local/texlive/2024/texmf-dist/tex/latex/geometry/geometry.sty
Package: geometry 2020/01/02 v5.9 Page Geometry
 (/usr/local/texlive/2024/texmf-dist/tex/generic/iftex/ifvtex.sty
Package: ifvtex 2019/10/25 v1.7 ifvtex legacy package. Use iftex instead.
 (/usr/local/texlive/2024/texmf-dist/tex/generic/iftex/iftex.sty
Package: iftex 2024/12/12 v1.0g TeX engine tests
))
\Gm@cnth=\count271
\Gm@cntv=\count272
\c@Gm@tempcnt=\count273
\Gm@bindingoffset=\dimen144
\Gm@wd@mp=\dimen145
\Gm@odd@mp=\dimen146
\Gm@even@mp=\dimen147
\Gm@layoutwidth=\dimen148
\Gm@layoutheight=\dimen149
\Gm@layouthoffset=\dimen150
\Gm@layoutvoffset=\dimen151
\Gm@dimlist=\toks20
) (/usr/local/texlive/2024/texmf-dist/tex/latex/xcolor/xcolor.sty
Package: xcolor 2024/09/29 v3.02 LaTeX color extensions (UK)
 (/usr/local/texlive/2024/texmf-dist/tex/latex/graphics-cfg/color.cfg
File: color.cfg 2016/01/02 v1.6 sample color configuration
)

Package xcolor Warning: Package option `usenames' is obsolete and ignored on input line 265.

Package xcolor Info: Driver file: pdftex.def on input line 274.
(/usr/local/texlive/2024/texmf-dist/tex/latex/graphics/mathcolor.ltx)
Package xcolor Info: Model `cmy' substituted by `cmy0' on input line 1349.
Package xcolor Info: Model `hsb' substituted by `rgb' on input line 1353.
Package xcolor Info: Model `RGB' extended on input line 1365.
Package xcolor Info: Model `HTML' substituted by `rgb' on input line 1367.
Package xcolor Info: Model `Hsb' substituted by `hsb' on input line 1368.
Package xcolor Info: Model `tHsb' substituted by `hsb' on input line 1369.
Package xcolor Info: Model `HSB' substituted by `hsb' on input line 1370.
Package xcolor Info: Model `Gray' substituted by `gray' on input line 1371.
Package xcolor Info: Model `wave' substituted by `hsb' on input line 1372.
) (/usr/local/texlive/2024/texmf-dist/tex/latex/graphics/dvipsnam.def
File: dvipsnam.def 2016/06/17 v3.0m Driver-dependent file (DPC,SPQR)
) (/usr/local/texlive/2024/texmf-dist/tex/latex/amsmath/amsmath.sty
Package: amsmath 2024/11/05 v2.17t AMS math features
\@mathmargin=\skip51

For additional information on amsmath, use the `?' option.
(/usr/local/texlive/2024/texmf-dist/tex/latex/amsmath/amstext.sty
Package: amstext 2021/08/26 v2.01 AMS text
 (/usr/local/texlive/2024/texmf-dist/tex/latex/amsmath/amsgen.sty
File: amsgen.sty 1999/11/30 v2.0 generic functions
\@emptytoks=\toks21
\ex@=\dimen152
)) (/usr/local/texlive/2024/texmf-dist/tex/latex/amsmath/amsbsy.sty
Package: amsbsy 1999/11/29 v1.2d Bold Symbols
\pmbraise@=\dimen153
) (/usr/local/texlive/2024/texmf-dist/tex/latex/amsmath/amsopn.sty
Package: amsopn 2022/04/08 v2.04 operator names
)
\inf@bad=\count274
LaTeX Info: Redefining \frac on input line 233.
\uproot@=\count275
\leftroot@=\count276
LaTeX Info: Redefining \overline on input line 398.
LaTeX Info: Redefining \colon on input line 409.
\classnum@=\count277
\DOTSCASE@=\count278
LaTeX Info: Redefining \ldots on input line 495.
LaTeX Info: Redefining \dots on input line 498.
LaTeX Info: Redefining \cdots on input line 619.
\Mathstrutbox@=\box52
\strutbox@=\box53
LaTeX Info: Redefining \big on input line 721.
LaTeX Info: Redefining \Big on input line 722.
LaTeX Info: Redefining \bigg on input line 723.
LaTeX Info: Redefining \Bigg on input line 724.
\big@size=\dimen154
LaTeX Font Info:    Redeclaring font encoding OML on input line 742.
LaTeX Font Info:    Redeclaring font encoding OMS on input line 743.
\macc@depth=\count279
LaTeX Info: Redefining \bmod on input line 904.
LaTeX Info: Redefining \pmod on input line 909.
LaTeX Info: Redefining \smash on input line 939.
LaTeX Info: Redefining \relbar on input line 969.
LaTeX Info: Redefining \Relbar on input line 970.
\c@MaxMatrixCols=\count280
\dotsspace@=\muskip17
\c@parentequation=\count281
\dspbrk@lvl=\count282
\tag@help=\toks22
\row@=\count283
\column@=\count284
\maxfields@=\count285
\andhelp@=\toks23
\eqnshift@=\dimen155
\alignsep@=\dimen156
\tagshift@=\dimen157
\tagwidth@=\dimen158
\totwidth@=\dimen159
\lineht@=\dimen160
\@envbody=\toks24
\multlinegap=\skip52
\multlinetaggap=\skip53
\mathdisplay@stack=\toks25
LaTeX Info: Redefining \[ on input line 2953.
LaTeX Info: Redefining \] on input line 2954.
) (/usr/local/texlive/2024/texmf-dist/tex/latex/amscls/amsthm.sty
Package: amsthm 2020/05/29 v2.20.6
\thm@style=\toks26
\thm@bodyfont=\toks27
\thm@headfont=\toks28
\thm@notefont=\toks29
\thm@headpunct=\toks30
\thm@preskip=\skip54
\thm@postskip=\skip55
\thm@headsep=\skip56
\dth@everypar=\toks31
) (/usr/local/texlive/2024/texmf-dist/tex/latex/amsfonts/amsfonts.sty
Package: amsfonts 2013/01/14 v3.01 Basic AMSFonts support
\symAMSa=\mathgroup4
\symAMSb=\mathgroup5
LaTeX Font Info:    Redeclaring math symbol \hbar on input line 98.
LaTeX Font Info:    Overwriting math alphabet `\mathfrak' in version `bold'
(Font)                  U/euf/m/n --> U/euf/b/n on input line 106.
) (/usr/local/texlive/2024/texmf-dist/tex/latex/amsfonts/amssymb.sty
Package: amssymb 2013/01/14 v3.01 AMS font symbols
) (/usr/local/texlive/2024/texmf-dist/tex/latex/mathtools/mathtools.sty
Package: mathtools 2024/10/04 v1.31 mathematical typesetting tools
 (/usr/local/texlive/2024/texmf-dist/tex/latex/tools/calc.sty
Package: calc 2023/07/08 v4.3 Infix arithmetic (KKT,FJ)
\calc@Acount=\count286
\calc@Bcount=\count287
\calc@Adimen=\dimen161
\calc@Bdimen=\dimen162
\calc@Askip=\skip57
\calc@Bskip=\skip58
LaTeX Info: Redefining \setlength on input line 80.
LaTeX Info: Redefining \addtolength on input line 81.
\calc@Ccount=\count288
\calc@Cskip=\skip59
) (/usr/local/texlive/2024/texmf-dist/tex/latex/mathtools/mhsetup.sty
Package: mhsetup 2021/03/18 v1.4 programming setup (MH)
)
\g_MT_multlinerow_int=\count289
\l_MT_multwidth_dim=\dimen163
\origjot=\skip60
\l_MT_shortvdotswithinadjustabove_dim=\dimen164
\l_MT_shortvdotswithinadjustbelow_dim=\dimen165
\l_MT_above_intertext_sep=\dimen166
\l_MT_below_intertext_sep=\dimen167
\l_MT_above_shortintertext_sep=\dimen168
\l_MT_below_shortintertext_sep=\dimen169
\xmathstrut@box=\box54
\xmathstrut@dim=\dimen170
) (/usr/local/texlive/2024/texmf-dist/tex/latex/jknapltx/mathrsfs.sty
Package: mathrsfs 1996/01/01 Math RSFS package v1.0 (jk)
\symrsfs=\mathgroup6
) (/usr/local/texlive/2024/texmf-dist/tex/latex/cancel/cancel.sty
Package: cancel 2013/04/12 v2.2 Cancel math terms
) (/usr/local/texlive/2024/texmf-dist/tex/latex/siunitx/siunitx.sty
Package: siunitx 2024-12-06 v3.4.0 A comprehensive (SI) units package
\l__siunitx_number_uncert_offset_int=\count290
\l__siunitx_number_exponent_fixed_int=\count291
\l__siunitx_number_min_decimal_int=\count292
\l__siunitx_number_min_integer_int=\count293
\l__siunitx_number_round_precision_int=\count294
\l__siunitx_number_lower_threshold_int=\count295
\l__siunitx_number_upper_threshold_int=\count296
\l__siunitx_number_group_first_int=\count297
\l__siunitx_number_group_size_int=\count298
\l__siunitx_number_group_minimum_int=\count299
\l__siunitx_angle_tmp_dim=\dimen171
\l__siunitx_angle_marker_box=\box55
\l__siunitx_angle_unit_box=\box56
\l__siunitx_compound_count_int=\count300
 (/usr/local/texlive/2024/texmf-dist/tex/latex/translations/translations.sty
Package: translations 2022/02/05 v1.12 internationalization of LaTeX2e packages (CN)
 (/usr/local/texlive/2024/texmf-dist/tex/latex/etoolbox/etoolbox.sty
Package: etoolbox 2020/10/05 v2.5k e-TeX tools for LaTeX (JAW)
\etb@tempcnta=\count301
) (/usr/local/texlive/2024/texmf-dist/tex/generic/pdftexcmds/pdftexcmds.sty
Package: pdftexcmds 2020-06-27 v0.33 Utility functions of pdfTeX for LuaTeX (HO)
 (/usr/local/texlive/2024/texmf-dist/tex/generic/infwarerr/infwarerr.sty
Package: infwarerr 2019/12/03 v1.5 Providing info/warning/error messages (HO)
) (/usr/local/texlive/2024/texmf-dist/tex/generic/ltxcmds/ltxcmds.sty
Package: ltxcmds 2023-12-04 v1.26 LaTeX kernel commands for general use (HO)
)
Package pdftexcmds Info: \pdf@primitive is available.
Package pdftexcmds Info: \pdf@ifprimitive is available.
Package pdftexcmds Info: \pdfdraftmode found.
))
\l__siunitx_table_tmp_box=\box57
\l__siunitx_table_tmp_dim=\dimen172
\l__siunitx_table_column_width_dim=\dimen173
\l__siunitx_table_integer_box=\box58
\l__siunitx_table_decimal_box=\box59
\l__siunitx_table_uncert_box=\box60
\l__siunitx_table_before_box=\box61
\l__siunitx_table_after_box=\box62
\l__siunitx_table_before_dim=\dimen174
\l__siunitx_table_carry_dim=\dimen175
\l__siunitx_unit_tmp_int=\count302
\l__siunitx_unit_position_int=\count303
\l__siunitx_unit_total_int=\count304
 (/usr/local/texlive/2024/texmf-dist/tex/latex/tools/array.sty
Package: array 2024/10/17 v2.6g Tabular extension package (FMi)
\col@sep=\dimen176
\ar@mcellbox=\box63
\extrarowheight=\dimen177
\NC@list=\toks32
\extratabsurround=\skip61
\backup@length=\skip62
\ar@cellbox=\box64
)) (/usr/local/texlive/2024/texmf-dist/tex/latex/bbm-macros/bbm.sty
Package: bbm 1999/03/15 V 1.2 provides fonts for set symbols - TH
LaTeX Font Info:    Overwriting math alphabet `\mathbbm' in version `bold'
(Font)                  U/bbm/m/n --> U/bbm/bx/n on input line 33.
LaTeX Font Info:    Overwriting math alphabet `\mathbbmss' in version `bold'
(Font)                  U/bbmss/m/n --> U/bbmss/bx/n on input line 35.
) (/usr/local/texlive/2024/texmf-dist/tex/generic/xypic/xy.sty (/usr/local/texlive/2024/texmf-dist/tex/generic/xypic/xy.tex Bootstrap'ing: catcodes, docmode, (/usr/local/texlive/2024/texmf-dist/tex/generic/xypic/xyrecat.tex) (/usr/local/texlive/2024/texmf-dist/tex/generic/xypic/xyidioms.tex)

 Xy-pic version 3.8.9 <2013/10/06>
 Copyright (c) 1991-2013 by Kristoffer H. Rose <krisrose@tug.org> and others
 Xy-pic is free software: see the User's Guide for details.

Loading kernel: messages; fonts; allocations: state,
\X@c=\dimen178
\Y@c=\dimen179
\U@c=\dimen180
\D@c=\dimen181
\L@c=\dimen182
\R@c=\dimen183
\Edge@c=\toks33
\X@p=\dimen184
\Y@p=\dimen185
\U@p=\dimen186
\D@p=\dimen187
\L@p=\dimen188
\R@p=\dimen189
\Edge@p=\toks34
\X@origin=\dimen190
\Y@origin=\dimen191
\X@xbase=\dimen192
\Y@xbase=\dimen193
\X@ybase=\dimen194
\Y@ybase=\dimen195
\X@min=\dimen196
\Y@min=\dimen197
\X@max=\dimen198
\Y@max=\dimen199
\lastobjectbox@=\box65
\zerodotbox@=\box66
\almostz@=\dimen256
 direction,
\d@X=\dimen257
\d@Y=\dimen258
\K@=\count305
\KK@=\count306
\Direction=\count307
\K@dXdY=\dimen259
\K@dYdX=\dimen260
\xyread@=\read2
\xywrite@=\write3
\csp@=\count308
\quotPTK@=\dimen261
 utility macros; pictures: \xy, positions,
\swaptoks@@=\toks35
\connectobjectbox@@=\box67
 objects,
\styletoks@=\toks36
 decorations; kernel objects: directionals, circles, text; options; algorithms: directions, edges, connections;  Xy-pic loaded) (/usr/local/texlive/2024/texmf-dist/tex/generic/iftex/ifpdf.sty
Package: ifpdf 2019/10/25 v3.4 ifpdf legacy package. Use iftex instead.
)
Package: xy 2013/10/06 Xy-pic version 3.8.9
 (/usr/local/texlive/2024/texmf-dist/tex/generic/xypic/xyall.tex  Xy-pic option: All features v.3.8 (/usr/local/texlive/2024/texmf-dist/tex/generic/xypic/xycurve.tex  Xy-pic option: Curve and Spline extension v.3.12 curve,
\crv@cnt@=\count309
\crvpts@=\toks37
\splinebox@=\box68
\splineval@=\dimen262
\splinedepth@=\dimen263
\splinetol@=\dimen264
\splinelength@=\dimen265
 circles,
\L@=\dimen266
 loaded) (/usr/local/texlive/2024/texmf-dist/tex/generic/xypic/xyframe.tex  Xy-pic option: Frame and Bracket extension v.3.14 loaded) (/usr/local/texlive/2024/texmf-dist/tex/generic/xypic/xycmtip.tex  Xy-pic option: Computer Modern tip extension v.3.7 (/usr/local/texlive/2024/texmf-dist/tex/generic/xypic/xytips.tex  Xy-pic option: More Tips extension v.3.11 loaded) loaded) (/usr/local/texlive/2024/texmf-dist/tex/generic/xypic/xyline.tex  Xy-pic option: Line styles extension v.3.10
\xylinethick@=\dimen267
 loaded) (/usr/local/texlive/2024/texmf-dist/tex/generic/xypic/xyrotate.tex  Xy-pic option: Rotate and Scale extension v.3.8 loaded) (/usr/local/texlive/2024/texmf-dist/tex/generic/xypic/xycolor.tex  Xy-pic option: Colour extension v.3.11 loaded) (/usr/local/texlive/2024/texmf-dist/tex/generic/xypic/xymatrix.tex  Xy-pic option: Matrix feature v.3.14
\Row=\count310
\Col=\count311
\queue@=\toks38
\queue@@=\toks39
\qcount@=\count312
\qcount@@=\count313
\matrixsize@=\count314
 loaded) (/usr/local/texlive/2024/texmf-dist/tex/generic/xypic/xyarrow.tex  Xy-pic option: Arrow and Path feature v.3.9 path, \ar, loaded) (/usr/local/texlive/2024/texmf-dist/tex/generic/xypic/xygraph.tex  Xy-pic option: Graph feature v.3.11 loaded) loaded) (/usr/local/texlive/2024/texmf-dist/tex/generic/xypic/xypdf.tex  Xy-pic option: PDF driver v.1.7 Xy-pic pdf driver: `color' extension support (/usr/local/texlive/2024/texmf-dist/tex/generic/xypic/xypdf-co.tex loaded) Xy-pic pdf driver: `curve' extension support (/usr/local/texlive/2024/texmf-dist/tex/generic/xypic/xypdf-cu.tex loaded)
Xy-pic pdf driver: `frame' extension support (/usr/local/texlive/2024/texmf-dist/tex/generic/xypic/xypdf-fr.tex loaded) Xy-pic pdf driver: `line' extension support (/usr/local/texlive/2024/texmf-dist/tex/generic/xypic/xypdf-li.tex loaded) Xy-pic pdf driver: `rotate' extension support (/usr/local/texlive/2024/texmf-dist/tex/generic/xypic/xypdf-ro.tex loaded) loaded)) (/usr/local/texlive/2024/texmf-dist/tex/latex/float/float.sty
Package: float 2001/11/08 v1.3d Float enhancements (AL)
\c@float@type=\count315
\float@exts=\toks40
\float@box=\box69
\@float@everytoks=\toks41
\@floatcapt=\box70
) (/usr/local/texlive/2024/texmf-dist/tex/latex/url/url.sty
\Urlmuskip=\muskip18
Package: url 2013/09/16  ver 3.4  Verb mode for urls, etc.
) (/usr/local/texlive/2024/texmf-dist/tex/latex/booktabs/booktabs.sty
Package: booktabs 2020/01/12 v1.61803398 Publication quality tables
\heavyrulewidth=\dimen268
\lightrulewidth=\dimen269
\cmidrulewidth=\dimen270
\belowrulesep=\dimen271
\belowbottomsep=\dimen272
\aboverulesep=\dimen273
\abovetopsep=\dimen274
\cmidrulesep=\dimen275
\cmidrulekern=\dimen276
\defaultaddspace=\dimen277
\@cmidla=\count316
\@cmidlb=\count317
\@aboverulesep=\dimen278
\@belowrulesep=\dimen279
\@thisruleclass=\count318
\@lastruleclass=\count319
\@thisrulewidth=\dimen280
) (/usr/local/texlive/2024/texmf-dist/tex/latex/hyperref/hyperref.sty
Package: hyperref 2024-11-05 v7.01l Hypertext links for LaTeX
 (/usr/local/texlive/2024/texmf-dist/tex/latex/kvsetkeys/kvsetkeys.sty
Package: kvsetkeys 2022-10-05 v1.19 Key value parser (HO)
) (/usr/local/texlive/2024/texmf-dist/tex/generic/kvdefinekeys/kvdefinekeys.sty
Package: kvdefinekeys 2019-12-19 v1.6 Define keys (HO)
) (/usr/local/texlive/2024/texmf-dist/tex/generic/pdfescape/pdfescape.sty
Package: pdfescape 2019/12/09 v1.15 Implements pdfTeX's escape features (HO)
) (/usr/local/texlive/2024/texmf-dist/tex/latex/hycolor/hycolor.sty
Package: hycolor 2020-01-27 v1.10 Color options for hyperref/bookmark (HO)
) (/usr/local/texlive/2024/texmf-dist/tex/latex/hyperref/nameref.sty
Package: nameref 2023-11-26 v2.56 Cross-referencing by name of section
 (/usr/local/texlive/2024/texmf-dist/tex/latex/refcount/refcount.sty
Package: refcount 2019/12/15 v3.6 Data extraction from label references (HO)
) (/usr/local/texlive/2024/texmf-dist/tex/generic/gettitlestring/gettitlestring.sty
Package: gettitlestring 2019/12/15 v1.6 Cleanup title references (HO)
 (/usr/local/texlive/2024/texmf-dist/tex/latex/kvoptions/kvoptions.sty
Package: kvoptions 2022-06-15 v3.15 Key value format for package options (HO)
))
\c@section@level=\count320
) (/usr/local/texlive/2024/texmf-dist/tex/generic/stringenc/stringenc.sty
Package: stringenc 2019/11/29 v1.12 Convert strings between diff. encodings (HO)
)
\@linkdim=\dimen281
\Hy@linkcounter=\count321
\Hy@pagecounter=\count322
 (/usr/local/texlive/2024/texmf-dist/tex/latex/hyperref/pd1enc.def
File: pd1enc.def 2024-11-05 v7.01l Hyperref: PDFDocEncoding definition (HO)
Now handling font encoding PD1 ...
... no UTF-8 mapping file for font encoding PD1
) (/usr/local/texlive/2024/texmf-dist/tex/generic/intcalc/intcalc.sty
Package: intcalc 2019/12/15 v1.3 Expandable calculations with integers (HO)
)
\Hy@SavedSpaceFactor=\count323
 (/usr/local/texlive/2024/texmf-dist/tex/latex/hyperref/puenc.def
File: puenc.def 2024-11-05 v7.01l Hyperref: PDF Unicode definition (HO)
Now handling font encoding PU ...
... no UTF-8 mapping file for font encoding PU
)
Package hyperref Info: Hyper figures OFF on input line 4157.
Package hyperref Info: Link nesting OFF on input line 4162.
Package hyperref Info: Hyper index ON on input line 4165.
Package hyperref Info: Plain pages OFF on input line 4172.
Package hyperref Info: Backreferencing OFF on input line 4177.
Package hyperref Info: Implicit mode ON; LaTeX internals redefined.
Package hyperref Info: Bookmarks ON on input line 4424.
\c@Hy@tempcnt=\count324
LaTeX Info: Redefining \url on input line 4763.
\XeTeXLinkMargin=\dimen282
 (/usr/local/texlive/2024/texmf-dist/tex/generic/bitset/bitset.sty
Package: bitset 2019/12/09 v1.3 Handle bit-vector datatype (HO)
 (/usr/local/texlive/2024/texmf-dist/tex/generic/bigintcalc/bigintcalc.sty
Package: bigintcalc 2019/12/15 v1.5 Expandable calculations on big integers (HO)
))
\Fld@menulength=\count325
\Field@Width=\dimen283
\Fld@charsize=\dimen284
Package hyperref Info: Hyper figures OFF on input line 6042.
Package hyperref Info: Link nesting OFF on input line 6047.
Package hyperref Info: Hyper index ON on input line 6050.
Package hyperref Info: backreferencing OFF on input line 6057.
Package hyperref Info: Link coloring OFF on input line 6062.
Package hyperref Info: Link coloring with OCG OFF on input line 6067.
Package hyperref Info: PDF/A mode OFF on input line 6072.
 (/usr/local/texlive/2024/texmf-dist/tex/latex/base/atbegshi-ltx.sty
Package: atbegshi-ltx 2021/01/10 v1.0c Emulation of the original atbegshi
package with kernel methods
)
\Hy@abspage=\count326
\c@Item=\count327
\c@Hfootnote=\count328
)
Package hyperref Info: Driver (autodetected): hpdftex.
 (/usr/local/texlive/2024/texmf-dist/tex/latex/hyperref/hpdftex.def
File: hpdftex.def 2024-11-05 v7.01l Hyperref driver for pdfTeX
 (/usr/local/texlive/2024/texmf-dist/tex/latex/base/atveryend-ltx.sty
Package: atveryend-ltx 2020/08/19 v1.0a Emulation of the original atveryend package
with kernel methods
)
\Fld@listcount=\count329
\c@bookmark@seq@number=\count330
 (/usr/local/texlive/2024/texmf-dist/tex/latex/rerunfilecheck/rerunfilecheck.sty
Package: rerunfilecheck 2022-07-10 v1.10 Rerun checks for auxiliary files (HO)
 (/usr/local/texlive/2024/texmf-dist/tex/generic/uniquecounter/uniquecounter.sty
Package: uniquecounter 2019/12/15 v1.4 Provide unlimited unique counter (HO)
)
Package uniquecounter Info: New unique counter `rerunfilecheck' on input line 285.
)
\Hy@SectionHShift=\skip63
)
Package hyperref Info: Option `colorlinks' set `true' on input line 35.

(/usr/local/texlive/2024/texmf-dist/tex/latex/thmtools/thmtools.sty
Package: thmtools 2023/05/04 v0.76
\thmt@toks=\toks42
\c@thmt@dummyctr=\count331
 (/usr/local/texlive/2024/texmf-dist/tex/latex/thmtools/thm-patch.sty
Package: thm-patch 2023/05/04 v0.76
 (/usr/local/texlive/2024/texmf-dist/tex/latex/thmtools/parseargs.sty
Package: parseargs 2023/05/04 v0.76
\@parsespec=\toks43
)) (/usr/local/texlive/2024/texmf-dist/tex/latex/thmtools/thm-kv.sty
Package: thm-kv 2023/05/04 v0.76
Package thm-kv Info: Theorem names will be uppercased on input line 42.
Package thm-kv Info: kvsetkeys patch (v1.16 or later) on input line 158.
) (/usr/local/texlive/2024/texmf-dist/tex/latex/thmtools/thm-autoref.sty
Package: thm-autoref 2023/05/04 v0.76
 (/usr/local/texlive/2024/texmf-dist/tex/latex/thmtools/aliasctr.sty
Package: aliasctr 2023/05/04 v0.76
)) (/usr/local/texlive/2024/texmf-dist/tex/latex/thmtools/thm-listof.sty
Package: thm-listof 2023/05/04 v0.76
) (/usr/local/texlive/2024/texmf-dist/tex/latex/thmtools/thm-restate.sty
Package: thm-restate 2023/05/04 v0.76
) (/usr/local/texlive/2024/texmf-dist/tex/latex/thmtools/thm-amsthm.sty
Package: thm-amsthm 2023/05/04 v0.76
\thmt@style@headstyle=\toks44
)) (/usr/local/texlive/2024/texmf-dist/tex/latex/pgf/frontendlayer/tikz.sty (/usr/local/texlive/2024/texmf-dist/tex/latex/pgf/basiclayer/pgf.sty (/usr/local/texlive/2024/texmf-dist/tex/latex/pgf/utilities/pgfrcs.sty (/usr/local/texlive/2024/texmf-dist/tex/generic/pgf/utilities/pgfutil-common.tex
\pgfutil@everybye=\toks45
\pgfutil@tempdima=\dimen285
\pgfutil@tempdimb=\dimen286
) (/usr/local/texlive/2024/texmf-dist/tex/generic/pgf/utilities/pgfutil-latex.def
\pgfutil@abb=\box71
) (/usr/local/texlive/2024/texmf-dist/tex/generic/pgf/utilities/pgfrcs.code.tex (/usr/local/texlive/2024/texmf-dist/tex/generic/pgf/pgf.revision.tex)
Package: pgfrcs 2023-01-15 v3.1.10 (3.1.10)
))
Package: pgf 2023-01-15 v3.1.10 (3.1.10)
 (/usr/local/texlive/2024/texmf-dist/tex/latex/pgf/basiclayer/pgfcore.sty (/usr/local/texlive/2024/texmf-dist/tex/latex/pgf/systemlayer/pgfsys.sty (/usr/local/texlive/2024/texmf-dist/tex/generic/pgf/systemlayer/pgfsys.code.tex
Package: pgfsys 2023-01-15 v3.1.10 (3.1.10)
 (/usr/local/texlive/2024/texmf-dist/tex/generic/pgf/utilities/pgfkeys.code.tex
\pgfkeys@pathtoks=\toks46
\pgfkeys@temptoks=\toks47
 (/usr/local/texlive/2024/texmf-dist/tex/generic/pgf/utilities/pgfkeyslibraryfiltered.code.tex
\pgfkeys@tmptoks=\toks48
))
\pgf@x=\dimen287
\pgf@y=\dimen288
\pgf@xa=\dimen289
\pgf@ya=\dimen290
\pgf@xb=\dimen291
\pgf@yb=\dimen292
\pgf@xc=\dimen293
\pgf@yc=\dimen294
\pgf@xd=\dimen295
\pgf@yd=\dimen296
\w@pgf@writea=\write4
\r@pgf@reada=\read3
\c@pgf@counta=\count332
\c@pgf@countb=\count333
\c@pgf@countc=\count334
\c@pgf@countd=\count335
\t@pgf@toka=\toks49
\t@pgf@tokb=\toks50
\t@pgf@tokc=\toks51
\pgf@sys@id@count=\count336
 (/usr/local/texlive/2024/texmf-dist/tex/generic/pgf/systemlayer/pgf.cfg
File: pgf.cfg 2023-01-15 v3.1.10 (3.1.10)
)
Driver file for pgf: pgfsys-pdftex.def
 (/usr/local/texlive/2024/texmf-dist/tex/generic/pgf/systemlayer/pgfsys-pdftex.def
File: pgfsys-pdftex.def 2023-01-15 v3.1.10 (3.1.10)
 (/usr/local/texlive/2024/texmf-dist/tex/generic/pgf/systemlayer/pgfsys-common-pdf.def
File: pgfsys-common-pdf.def 2023-01-15 v3.1.10 (3.1.10)
))) (/usr/local/texlive/2024/texmf-dist/tex/generic/pgf/systemlayer/pgfsyssoftpath.code.tex
File: pgfsyssoftpath.code.tex 2023-01-15 v3.1.10 (3.1.10)
\pgfsyssoftpath@smallbuffer@items=\count337
\pgfsyssoftpath@bigbuffer@items=\count338
) (/usr/local/texlive/2024/texmf-dist/tex/generic/pgf/systemlayer/pgfsysprotocol.code.tex
File: pgfsysprotocol.code.tex 2023-01-15 v3.1.10 (3.1.10)
))
(/usr/local/texlive/2024/texmf-dist/tex/generic/pgf/basiclayer/pgfcore.code.tex
Package: pgfcore 2023-01-15 v3.1.10 (3.1.10)
 (/usr/local/texlive/2024/texmf-dist/tex/generic/pgf/math/pgfmath.code.tex (/usr/local/texlive/2024/texmf-dist/tex/generic/pgf/math/pgfmathutil.code.tex) (/usr/local/texlive/2024/texmf-dist/tex/generic/pgf/math/pgfmathparser.code.tex
\pgfmath@dimen=\dimen297
\pgfmath@count=\count339
\pgfmath@box=\box72
\pgfmath@toks=\toks52
\pgfmath@stack@operand=\toks53
\pgfmath@stack@operation=\toks54
) (/usr/local/texlive/2024/texmf-dist/tex/generic/pgf/math/pgfmathfunctions.code.tex) (/usr/local/texlive/2024/texmf-dist/tex/generic/pgf/math/pgfmathfunctions.basic.code.tex) (/usr/local/texlive/2024/texmf-dist/tex/generic/pgf/math/pgfmathfunctions.trigonometric.code.tex) (/usr/local/texlive/2024/texmf-dist/tex/generic/pgf/math/pgfmathfunctions.random.code.tex) (/usr/local/texlive/2024/texmf-dist/tex/generic/pgf/math/pgfmathfunctions.comparison.code.tex) (/usr/local/texlive/2024/texmf-dist/tex/generic/pgf/math/pgfmathfunctions.base.code.tex) (/usr/local/texlive/2024/texmf-dist/tex/generic/pgf/math/pgfmathfunctions.round.code.tex) (/usr/local/texlive/2024/texmf-dist/tex/generic/pgf/math/pgfmathfunctions.misc.code.tex) (/usr/local/texlive/2024/texmf-dist/tex/generic/pgf/math/pgfmathfunctions.integerarithmetics.code.tex) (/usr/local/texlive/2024/texmf-dist/tex/generic/pgf/math/pgfmathcalc.code.tex) (/usr/local/texlive/2024/texmf-dist/tex/generic/pgf/math/pgfmathfloat.code.tex
\c@pgfmathroundto@lastzeros=\count340
)) (/usr/local/texlive/2024/texmf-dist/tex/generic/pgf/math/pgfint.code.tex) (/usr/local/texlive/2024/texmf-dist/tex/generic/pgf/basiclayer/pgfcorepoints.code.tex
File: pgfcorepoints.code.tex 2023-01-15 v3.1.10 (3.1.10)
\pgf@picminx=\dimen298
\pgf@picmaxx=\dimen299
\pgf@picminy=\dimen300
\pgf@picmaxy=\dimen301
\pgf@pathminx=\dimen302
\pgf@pathmaxx=\dimen303
\pgf@pathminy=\dimen304
\pgf@pathmaxy=\dimen305
\pgf@xx=\dimen306
\pgf@xy=\dimen307
\pgf@yx=\dimen308
\pgf@yy=\dimen309
\pgf@zx=\dimen310
\pgf@zy=\dimen311
) (/usr/local/texlive/2024/texmf-dist/tex/generic/pgf/basiclayer/pgfcorepathconstruct.code.tex
File: pgfcorepathconstruct.code.tex 2023-01-15 v3.1.10 (3.1.10)
\pgf@path@lastx=\dimen312
\pgf@path@lasty=\dimen313
) (/usr/local/texlive/2024/texmf-dist/tex/generic/pgf/basiclayer/pgfcorepathusage.code.tex
File: pgfcorepathusage.code.tex 2023-01-15 v3.1.10 (3.1.10)
\pgf@shorten@end@additional=\dimen314
\pgf@shorten@start@additional=\dimen315
) (/usr/local/texlive/2024/texmf-dist/tex/generic/pgf/basiclayer/pgfcorescopes.code.tex
File: pgfcorescopes.code.tex 2023-01-15 v3.1.10 (3.1.10)
\pgfpic=\box73
\pgf@hbox=\box74
\pgf@layerbox@main=\box75
\pgf@picture@serial@count=\count341
) (/usr/local/texlive/2024/texmf-dist/tex/generic/pgf/basiclayer/pgfcoregraphicstate.code.tex
File: pgfcoregraphicstate.code.tex 2023-01-15 v3.1.10 (3.1.10)
\pgflinewidth=\dimen316
) (/usr/local/texlive/2024/texmf-dist/tex/generic/pgf/basiclayer/pgfcoretransformations.code.tex
File: pgfcoretransformations.code.tex 2023-01-15 v3.1.10 (3.1.10)
\pgf@pt@x=\dimen317
\pgf@pt@y=\dimen318
\pgf@pt@temp=\dimen319
)
(/usr/local/texlive/2024/texmf-dist/tex/generic/pgf/basiclayer/pgfcorequick.code.tex
File: pgfcorequick.code.tex 2023-01-15 v3.1.10 (3.1.10)
) (/usr/local/texlive/2024/texmf-dist/tex/generic/pgf/basiclayer/pgfcoreobjects.code.tex
File: pgfcoreobjects.code.tex 2023-01-15 v3.1.10 (3.1.10)
) (/usr/local/texlive/2024/texmf-dist/tex/generic/pgf/basiclayer/pgfcorepathprocessing.code.tex
File: pgfcorepathprocessing.code.tex 2023-01-15 v3.1.10 (3.1.10)
) (/usr/local/texlive/2024/texmf-dist/tex/generic/pgf/basiclayer/pgfcorearrows.code.tex
File: pgfcorearrows.code.tex 2023-01-15 v3.1.10 (3.1.10)
\pgfarrowsep=\dimen320
) (/usr/local/texlive/2024/texmf-dist/tex/generic/pgf/basiclayer/pgfcoreshade.code.tex
File: pgfcoreshade.code.tex 2023-01-15 v3.1.10 (3.1.10)
\pgf@max=\dimen321
\pgf@sys@shading@range@num=\count342
\pgf@shadingcount=\count343
) (/usr/local/texlive/2024/texmf-dist/tex/generic/pgf/basiclayer/pgfcoreimage.code.tex
File: pgfcoreimage.code.tex 2023-01-15 v3.1.10 (3.1.10)
) (/usr/local/texlive/2024/texmf-dist/tex/generic/pgf/basiclayer/pgfcoreexternal.code.tex
File: pgfcoreexternal.code.tex 2023-01-15 v3.1.10 (3.1.10)
\pgfexternal@startupbox=\box76
) (/usr/local/texlive/2024/texmf-dist/tex/generic/pgf/basiclayer/pgfcorelayers.code.tex
File: pgfcorelayers.code.tex 2023-01-15 v3.1.10 (3.1.10)
) (/usr/local/texlive/2024/texmf-dist/tex/generic/pgf/basiclayer/pgfcoretransparency.code.tex
File: pgfcoretransparency.code.tex 2023-01-15 v3.1.10 (3.1.10)
) (/usr/local/texlive/2024/texmf-dist/tex/generic/pgf/basiclayer/pgfcorepatterns.code.tex
File: pgfcorepatterns.code.tex 2023-01-15 v3.1.10 (3.1.10)
) (/usr/local/texlive/2024/texmf-dist/tex/generic/pgf/basiclayer/pgfcorerdf.code.tex
File: pgfcorerdf.code.tex 2023-01-15 v3.1.10 (3.1.10)
))) (/usr/local/texlive/2024/texmf-dist/tex/generic/pgf/modules/pgfmoduleshapes.code.tex
File: pgfmoduleshapes.code.tex 2023-01-15 v3.1.10 (3.1.10)
\pgfnodeparttextbox=\box77
) (/usr/local/texlive/2024/texmf-dist/tex/generic/pgf/modules/pgfmoduleplot.code.tex
File: pgfmoduleplot.code.tex 2023-01-15 v3.1.10 (3.1.10)
) (/usr/local/texlive/2024/texmf-dist/tex/latex/pgf/compatibility/pgfcomp-version-0-65.sty
Package: pgfcomp-version-0-65 2023-01-15 v3.1.10 (3.1.10)
\pgf@nodesepstart=\dimen322
\pgf@nodesepend=\dimen323
) (/usr/local/texlive/2024/texmf-dist/tex/latex/pgf/compatibility/pgfcomp-version-1-18.sty
Package: pgfcomp-version-1-18 2023-01-15 v3.1.10 (3.1.10)
)) (/usr/local/texlive/2024/texmf-dist/tex/latex/pgf/utilities/pgffor.sty (/usr/local/texlive/2024/texmf-dist/tex/latex/pgf/utilities/pgfkeys.sty (/usr/local/texlive/2024/texmf-dist/tex/generic/pgf/utilities/pgfkeys.code.tex)) (/usr/local/texlive/2024/texmf-dist/tex/latex/pgf/math/pgfmath.sty (/usr/local/texlive/2024/texmf-dist/tex/generic/pgf/math/pgfmath.code.tex)) (/usr/local/texlive/2024/texmf-dist/tex/generic/pgf/utilities/pgffor.code.tex
Package: pgffor 2023-01-15 v3.1.10 (3.1.10)
\pgffor@iter=\dimen324
\pgffor@skip=\dimen325
\pgffor@stack=\toks55
\pgffor@toks=\toks56
)) (/usr/local/texlive/2024/texmf-dist/tex/generic/pgf/frontendlayer/tikz/tikz.code.tex
Package: tikz 2023-01-15 v3.1.10 (3.1.10)
 (/usr/local/texlive/2024/texmf-dist/tex/generic/pgf/libraries/pgflibraryplothandlers.code.tex
File: pgflibraryplothandlers.code.tex 2023-01-15 v3.1.10 (3.1.10)
\pgf@plot@mark@count=\count344
\pgfplotmarksize=\dimen326
)
\tikz@lastx=\dimen327
\tikz@lasty=\dimen328
\tikz@lastxsaved=\dimen329
\tikz@lastysaved=\dimen330
\tikz@lastmovetox=\dimen331
\tikz@lastmovetoy=\dimen332
\tikzleveldistance=\dimen333
\tikzsiblingdistance=\dimen334
\tikz@figbox=\box78
\tikz@figbox@bg=\box79
\tikz@tempbox=\box80
\tikz@tempbox@bg=\box81
\tikztreelevel=\count345
\tikznumberofchildren=\count346
\tikznumberofcurrentchild=\count347
\tikz@fig@count=\count348

(/usr/local/texlive/2024/texmf-dist/tex/generic/pgf/modules/pgfmodulematrix.code.tex
File: pgfmodulematrix.code.tex 2023-01-15 v3.1.10 (3.1.10)
\pgfmatrixcurrentrow=\count349
\pgfmatrixcurrentcolumn=\count350
\pgf@matrix@numberofcolumns=\count351
)
\tikz@expandcount=\count352
 (/usr/local/texlive/2024/texmf-dist/tex/generic/pgf/frontendlayer/tikz/libraries/tikzlibrarytopaths.code.tex
File: tikzlibrarytopaths.code.tex 2023-01-15 v3.1.10 (3.1.10)
))) (/usr/local/texlive/2024/texmf-dist/tex/latex/tikz-cd/tikz-cd.sty
Package: tikz-cd 2021/05/04 v1.0 Commutative diagrams with TikZ
 (/usr/local/texlive/2024/texmf-dist/tex/generic/tikz-cd/tikzlibrarycd.code.tex (/usr/local/texlive/2024/texmf-dist/tex/generic/pgf/frontendlayer/tikz/libraries/tikzlibrarymatrix.code.tex
File: tikzlibrarymatrix.code.tex 2023-01-15 v3.1.10 (3.1.10)
) (/usr/local/texlive/2024/texmf-dist/tex/generic/pgf/frontendlayer/tikz/libraries/tikzlibraryquotes.code.tex
File: tikzlibraryquotes.code.tex 2023-01-15 v3.1.10 (3.1.10)
) (/usr/local/texlive/2024/texmf-dist/tex/generic/pgf/libraries/pgflibraryarrows.meta.code.tex
File: pgflibraryarrows.meta.code.tex 2023-01-15 v3.1.10 (3.1.10)
\pgfarrowinset=\dimen335
\pgfarrowlength=\dimen336
\pgfarrowwidth=\dimen337
\pgfarrowlinewidth=\dimen338
))) (/usr/local/texlive/2024/texmf-dist/tex/latex/mdframed/mdframed.sty
Package: mdframed 2013/07/01 1.9b: mdframed
 (/usr/local/texlive/2024/texmf-dist/tex/latex/l3packages/xparse/xparse.sty (/usr/local/texlive/2024/texmf-dist/tex/latex/l3kernel/expl3.sty
Package: expl3 2024-11-02 L3 programming layer (loader) 
 (/usr/local/texlive/2024/texmf-dist/tex/latex/l3backend/l3backend-pdftex.def
File: l3backend-pdftex.def 2024-05-08 L3 backend support: PDF output (pdfTeX)
\l__color_backend_stack_int=\count353
\l__pdf_internal_box=\box82
))
Package: xparse 2024-08-16 L3 Experimental document command parser
) (/usr/local/texlive/2024/texmf-dist/tex/latex/zref/zref-abspage.sty
Package: zref-abspage 2023-09-14 v2.35 Module abspage for zref (HO)
 (/usr/local/texlive/2024/texmf-dist/tex/latex/zref/zref-base.sty
Package: zref-base 2023-09-14 v2.35 Module base for zref (HO)
 (/usr/local/texlive/2024/texmf-dist/tex/generic/etexcmds/etexcmds.sty
Package: etexcmds 2019/12/15 v1.7 Avoid name clashes with e-TeX commands (HO)
) (/usr/local/texlive/2024/texmf-dist/tex/latex/auxhook/auxhook.sty
Package: auxhook 2019-12-17 v1.6 Hooks for auxiliary files (HO)
)
Package zref Info: New property list: main on input line 767.
Package zref Info: New property: default on input line 768.
Package zref Info: New property: page on input line 769.
)
\c@abspage=\count354
Package zref Info: New property: abspage on input line 67.
) (/usr/local/texlive/2024/texmf-dist/tex/latex/needspace/needspace.sty
Package: needspace 2010/09/12 v1.3d reserve vertical space
)
\mdf@templength=\skip64
\c@mdf@globalstyle@cnt=\count355
\mdf@skipabove@length=\skip65
\mdf@skipbelow@length=\skip66
\mdf@leftmargin@length=\skip67
\mdf@rightmargin@length=\skip68
\mdf@innerleftmargin@length=\skip69
\mdf@innerrightmargin@length=\skip70
\mdf@innertopmargin@length=\skip71
\mdf@innerbottommargin@length=\skip72
\mdf@splittopskip@length=\skip73
\mdf@splitbottomskip@length=\skip74
\mdf@outermargin@length=\skip75
\mdf@innermargin@length=\skip76
\mdf@linewidth@length=\skip77
\mdf@innerlinewidth@length=\skip78
\mdf@middlelinewidth@length=\skip79
\mdf@outerlinewidth@length=\skip80
\mdf@roundcorner@length=\skip81
\mdf@footenotedistance@length=\skip82
\mdf@userdefinedwidth@length=\skip83
\mdf@needspace@length=\skip84
\mdf@frametitleaboveskip@length=\skip85
\mdf@frametitlebelowskip@length=\skip86
\mdf@frametitlerulewidth@length=\skip87
\mdf@frametitleleftmargin@length=\skip88
\mdf@frametitlerightmargin@length=\skip89
\mdf@shadowsize@length=\skip90
\mdf@extratopheight@length=\skip91
\mdf@subtitleabovelinewidth@length=\skip92
\mdf@subtitlebelowlinewidth@length=\skip93
\mdf@subtitleaboveskip@length=\skip94
\mdf@subtitlebelowskip@length=\skip95
\mdf@subtitleinneraboveskip@length=\skip96
\mdf@subtitleinnerbelowskip@length=\skip97
\mdf@subsubtitleabovelinewidth@length=\skip98
\mdf@subsubtitlebelowlinewidth@length=\skip99
\mdf@subsubtitleaboveskip@length=\skip100
\mdf@subsubtitlebelowskip@length=\skip101
\mdf@subsubtitleinneraboveskip@length=\skip102
\mdf@subsubtitleinnerbelowskip@length=\skip103
 (/usr/local/texlive/2024/texmf-dist/tex/latex/mdframed/md-frame-1.mdf
File: md-frame-1.mdf 2013/07/01\ 1.9b: md-frame-1
)
\mdf@frametitlebox=\box83
\mdf@footnotebox=\box84
\mdf@splitbox@one=\box85
\mdf@splitbox@two=\box86
\mdf@splitbox@save=\box87
\mdfsplitboxwidth=\skip104
\mdfsplitboxtotalwidth=\skip105
\mdfsplitboxheight=\skip106
\mdfsplitboxdepth=\skip107
\mdfsplitboxtotalheight=\skip108
\mdfframetitleboxwidth=\skip109
\mdfframetitleboxtotalwidth=\skip110
\mdfframetitleboxheight=\skip111
\mdfframetitleboxdepth=\skip112
\mdfframetitleboxtotalheight=\skip113
\mdffootnoteboxwidth=\skip114
\mdffootnoteboxtotalwidth=\skip115
\mdffootnoteboxheight=\skip116
\mdffootnoteboxdepth=\skip117
\mdffootnoteboxtotalheight=\skip118
\mdftotallinewidth=\skip119
\mdfboundingboxwidth=\skip120
\mdfboundingboxtotalwidth=\skip121
\mdfboundingboxheight=\skip122
\mdfboundingboxdepth=\skip123
\mdfboundingboxtotalheight=\skip124
\mdf@freevspace@length=\skip125
\mdf@horizontalwidthofbox@length=\skip126
\mdf@verticalmarginwhole@length=\skip127
\mdf@horizontalspaceofbox=\skip128
\mdfsubtitleheight=\skip129
\mdfsubsubtitleheight=\skip130
\c@mdfcountframes=\count356

****** mdframed patching \endmdf@trivlist

****** -- success******

\mdf@envdepth=\count357
\c@mdf@env@i=\count358
\c@mdf@env@ii=\count359
\c@mdf@zref@counter=\count360
Package zref Info: New property: mdf@pagevalue on input line 895.
)
\c@def=\count361
\c@thm=\count362
\c@lma=\count363
\c@corr=\count364
\c@prp=\count365
\c@exe=\count366
Package thmtools Info: Key `mdframed' (with value `linewidth=1pt, bottomline=false, topline=false, rightline=false, innerrightmargin=0pt')
(thmtools)             is not a known style key.
(thmtools)             Will pass this to every \declaretheorem
(thmtools)             that uses `style=proofline' on input line 187.
Package thmtools Info: Key `qed' (with value `\(\blacksquare \)')
(thmtools)             is not a known style key.
(thmtools)             Will pass this to every \declaretheorem
(thmtools)             that uses `style=proofline' on input line 187.
Package thmtools Info: Key `mdframed' (with value `linewidth=1pt, bottomline=false, topline=false, rightline=false')
(thmtools)             is not a known style key.
(thmtools)             Will pass this to every \declaretheorem
(thmtools)             that uses `style=egline' on input line 188.
Package thmtools Info: Key `qed' (with value `\qedsymbol ')
(thmtools)             is not a known style key.
(thmtools)             Will pass this to every \declaretheorem
(thmtools)             that uses `style=egline' on input line 188.
Package thmtools Info: Automatically pulling in `thmdef-mdframed' on input line 194.
 (/usr/local/texlive/2024/texmf-dist/tex/latex/thmtools/thmdef-mdframed.sty
Package: thmdef-mdframed 2023/05/04 v0.76
)
\c@note=\count367
\c@intuition=\count368
\c@claim=\count369
 (/usr/local/texlive/2024/texmf-dist/tex/latex/fancyhdr/fancyhdr.sty
Package: fancyhdr 2024/12/09 v4.5 Extensive control of page headers and footers
\f@nch@headwidth=\skip131
\f@nch@O@elh=\skip132
\f@nch@O@erh=\skip133
\f@nch@O@olh=\skip134
\f@nch@O@orh=\skip135
\f@nch@O@elf=\skip136
\f@nch@O@erf=\skip137
\f@nch@O@olf=\skip138
\f@nch@O@orf=\skip139
) (/usr/local/texlive/2024/texmf-dist/tex/latex/import/import.sty
Package: import 2020/04/01  v 6.2
) (/usr/local/texlive/2024/texmf-dist/tex/latex/xifthen/xifthen.sty
Package: xifthen 2015/11/05 v1.4.0 Extended ifthen features
 (/usr/local/texlive/2024/texmf-dist/tex/latex/base/ifthen.sty
Package: ifthen 2024/03/16 v1.1e Standard LaTeX ifthen package (DPC)
) (/usr/local/texlive/2024/texmf-dist/tex/latex/ifmtarg/ifmtarg.sty
Package: ifmtarg 2018/04/16 v1.2b check for an empty argument
)) (/usr/local/texlive/2024/texmf-dist/tex/latex/pdfpages/pdfpages.sty
Package: pdfpages 2024/10/28 v0.6c Insert pages of external PDF documents (AM)
 (/usr/local/texlive/2024/texmf-dist/tex/latex/eso-pic/eso-pic.sty
Package: eso-pic 2023/05/03 v3.0c eso-pic (RN)
\ESO@tempdima=\dimen339
\ESO@tempdimb=\dimen340
)
\AM@pagewidth=\dimen341
\AM@pageheight=\dimen342
\AM@fboxrule=\dimen343
 (/usr/local/texlive/2024/texmf-dist/tex/latex/pdfpages/pppdftex.def
File: pppdftex.def 2024/10/28 v0.6c Pdfpages driver for pdfTeX (AM)
)
\pdfpages@includegraphics@status=\count370
\AM@pagebox=\box88
\AM@global@opts=\toks57
\AM@pagecnt=\count371
\AM@toc@title=\toks58
\AM@lof@heading=\toks59
\c@AM@survey=\count372
\AM@templatesizebox=\box89
)
(/usr/local/texlive/2024/texmf-dist/tex/latex/transparent/transparent.sty
Package: transparent 2022-10-27 v1.5 Transparency with color stacks
 (/usr/local/texlive/2024/texmf-dist/tex/latex/transparent/transparent-nometadata.sty
Package: transparent-nometadata 2022-10-27 v1.5 Transparency via pdfTeX's color stack (HO)
)) (/usr/local/texlive/2024/texmf-dist/tex/latex/pgfplots/pgfplots.sty (/usr/local/texlive/2024/texmf-dist/tex/generic/pgfplots/pgfplots.revision.tex)
Package: pgfplots 2021/05/15 v1.18.1 Data Visualization (1.18.1)
 (/usr/local/texlive/2024/texmf-dist/tex/generic/pgfplots/pgfplots.code.tex (/usr/local/texlive/2024/texmf-dist/tex/generic/pgfplots/pgfplotscore.code.tex
\t@pgfplots@toka=\toks60
\t@pgfplots@tokb=\toks61
\t@pgfplots@tokc=\toks62
\pgfplots@tmpa=\dimen344
\c@pgfplots@coordindex=\count373
\c@pgfplots@scanlineindex=\count374
 (/usr/local/texlive/2024/texmf-dist/tex/generic/pgfplots/sys/pgfplotssysgeneric.code.tex)) (/usr/local/texlive/2024/texmf-dist/tex/generic/pgfplots/libs/pgfplotslibrary.code.tex) (/usr/local/texlive/2024/texmf-dist/tex/generic/pgfplots/oldpgfcompatib/pgfplotsoldpgfsupp_loader.code.tex (/usr/local/texlive/2024/texmf-dist/tex/generic/pgf/libraries/pgflibraryfpu.code.tex)
Package pgfplots: loading complementary utilities for your pgf version...
\t@pgf@toka=\toks63
\t@pgf@tokb=\toks64
\t@pgf@tokc=\toks65
(/usr/local/texlive/2024/texmf-dist/tex/generic/pgfplots/oldpgfcompatib/pgfplotsoldpgfsupp_pgfutil-common-lists.tex)) (/usr/local/texlive/2024/texmf-dist/tex/generic/pgfplots/util/pgfplotsutil.code.tex (/usr/local/texlive/2024/texmf-dist/tex/generic/pgfplots/liststructure/pgfplotsliststructure.code.tex) (/usr/local/texlive/2024/texmf-dist/tex/generic/pgfplots/liststructure/pgfplotsliststructureext.code.tex) (/usr/local/texlive/2024/texmf-dist/tex/generic/pgfplots/liststructure/pgfplotsarray.code.tex
\c@pgfplotsarray@tmp=\count375
) (/usr/local/texlive/2024/texmf-dist/tex/generic/pgfplots/liststructure/pgfplotsmatrix.code.tex) (/usr/local/texlive/2024/texmf-dist/tex/generic/pgfplots/numtable/pgfplotstableshared.code.tex
\c@pgfplotstable@counta=\count376
\t@pgfplotstable@a=\toks66
) (/usr/local/texlive/2024/texmf-dist/tex/generic/pgfplots/liststructure/pgfplotsdeque.code.tex) (/usr/local/texlive/2024/texmf-dist/tex/generic/pgfplots/util/pgfplotsbinary.code.tex (/usr/local/texlive/2024/texmf-dist/tex/generic/pgfplots/util/pgfplotsbinary.data.code.tex)) (/usr/local/texlive/2024/texmf-dist/tex/generic/pgfplots/util/pgfplotsutil.verb.code.tex) (/usr/local/texlive/2024/texmf-dist/tex/generic/pgfplots/libs/pgflibrarypgfplots.surfshading.code.tex
\c@pgfplotslibrarysurf@no=\count377
 (/usr/local/texlive/2024/texmf-dist/tex/generic/pgfplots/sys/pgflibrarypgfplots.surfshading.pgfsys-pdftex.def))) (/usr/local/texlive/2024/texmf-dist/tex/generic/pgfplots/util/pgfplotscolormap.code.tex (/usr/local/texlive/2024/texmf-dist/tex/generic/pgfplots/util/pgfplotscolor.code.tex)) (/usr/local/texlive/2024/texmf-dist/tex/generic/pgfplots/pgfplotsstackedplots.code.tex) (/usr/local/texlive/2024/texmf-dist/tex/generic/pgfplots/pgfplotsplothandlers.code.tex (/usr/local/texlive/2024/texmf-dist/tex/generic/pgfplots/pgfplotsmeshplothandler.code.tex (/usr/local/texlive/2024/texmf-dist/tex/generic/pgfplots/pgfplotsmeshplotimage.code.tex))) (/usr/local/texlive/2024/texmf-dist/tex/generic/pgfplots/pgfplots.scaling.code.tex) (/usr/local/texlive/2024/texmf-dist/tex/generic/pgfplots/pgfplotscoordprocessing.code.tex)
(/usr/local/texlive/2024/texmf-dist/tex/generic/pgfplots/pgfplots.errorbars.code.tex) (/usr/local/texlive/2024/texmf-dist/tex/generic/pgfplots/pgfplots.markers.code.tex) (/usr/local/texlive/2024/texmf-dist/tex/generic/pgfplots/pgfplotsticks.code.tex) (/usr/local/texlive/2024/texmf-dist/tex/generic/pgfplots/pgfplots.paths.code.tex) (/usr/local/texlive/2024/texmf-dist/tex/generic/pgf/frontendlayer/tikz/libraries/tikzlibrarydecorations.code.tex (/usr/local/texlive/2024/texmf-dist/tex/generic/pgf/modules/pgfmoduledecorations.code.tex
\pgfdecoratedcompleteddistance=\dimen345
\pgfdecoratedremainingdistance=\dimen346
\pgfdecoratedinputsegmentcompleteddistance=\dimen347
\pgfdecoratedinputsegmentremainingdistance=\dimen348
\pgf@decorate@distancetomove=\dimen349
\pgf@decorate@repeatstate=\count378
\pgfdecorationsegmentamplitude=\dimen350
\pgfdecorationsegmentlength=\dimen351
)
\tikz@lib@dec@box=\box90
) (/usr/local/texlive/2024/texmf-dist/tex/generic/pgf/frontendlayer/tikz/libraries/tikzlibrarydecorations.pathmorphing.code.tex (/usr/local/texlive/2024/texmf-dist/tex/generic/pgf/libraries/decorations/pgflibrarydecorations.pathmorphing.code.tex)) (/usr/local/texlive/2024/texmf-dist/tex/generic/pgf/frontendlayer/tikz/libraries/tikzlibrarydecorations.pathreplacing.code.tex (/usr/local/texlive/2024/texmf-dist/tex/generic/pgf/libraries/decorations/pgflibrarydecorations.pathreplacing.code.tex)) (/usr/local/texlive/2024/texmf-dist/tex/generic/pgfplots/libs/tikzlibrarypgfplots.contourlua.code.tex)
\pgfplots@numplots=\count379
\pgfplots@xmin@reg=\dimen352
\pgfplots@xmax@reg=\dimen353
\pgfplots@ymin@reg=\dimen354
\pgfplots@ymax@reg=\dimen355
\pgfplots@zmin@reg=\dimen356
\pgfplots@zmax@reg=\dimen357
) (/usr/local/texlive/2024/texmf-dist/tex/generic/pgf/frontendlayer/tikz/libraries/tikzlibraryplotmarks.code.tex
File: tikzlibraryplotmarks.code.tex 2023-01-15 v3.1.10 (3.1.10)
 (/usr/local/texlive/2024/texmf-dist/tex/generic/pgf/libraries/pgflibraryplotmarks.code.tex
File: pgflibraryplotmarks.code.tex 2023-01-15 v3.1.10 (3.1.10)
)))) (/home/hyperion/texmf/tex/latex/titlepageBU/titlepageBU.sty
Package: titlepageBU 
)
Package translations Info: No language package found. I am going to use `english' as default language. on input line 22.
 (./Algebra_Aluffi.aux

LaTeX Warning: Label `dfn:1.5.2' multiply defined.


LaTeX Warning: Label `dfn:2.7.2' multiply defined.


LaTeX Warning: Label `dfn:3.3.2' multiply defined.


LaTeX Warning: Label `dfn:3.6.3' multiply defined.

)
\openout1 = `Algebra_Aluffi.aux'.

LaTeX Font Info:    Checking defaults for OML/cmm/m/it on input line 22.
LaTeX Font Info:    ... okay on input line 22.
LaTeX Font Info:    Checking defaults for OMS/cmsy/m/n on input line 22.
LaTeX Font Info:    ... okay on input line 22.
LaTeX Font Info:    Checking defaults for OT1/cmr/m/n on input line 22.
LaTeX Font Info:    ... okay on input line 22.
LaTeX Font Info:    Checking defaults for T1/cmr/m/n on input line 22.
LaTeX Font Info:    ... okay on input line 22.
LaTeX Font Info:    Checking defaults for TS1/cmr/m/n on input line 22.
LaTeX Font Info:    ... okay on input line 22.
LaTeX Font Info:    Checking defaults for OMX/cmex/m/n on input line 22.
LaTeX Font Info:    ... okay on input line 22.
LaTeX Font Info:    Checking defaults for U/cmr/m/n on input line 22.
LaTeX Font Info:    ... okay on input line 22.
LaTeX Font Info:    Checking defaults for PD1/pdf/m/n on input line 22.
LaTeX Font Info:    ... okay on input line 22.
LaTeX Font Info:    Checking defaults for PU/pdf/m/n on input line 22.
LaTeX Font Info:    ... okay on input line 22.
 (/usr/local/texlive/2024/texmf-dist/tex/context/base/mkii/supp-pdf.mkii
[Loading MPS to PDF converter (version 2006.09.02).]
\scratchcounter=\count380
\scratchdimen=\dimen358
\scratchbox=\box91
\nofMPsegments=\count381
\nofMParguments=\count382
\everyMPshowfont=\toks67
\MPscratchCnt=\count383
\MPscratchDim=\dimen359
\MPnumerator=\count384
\makeMPintoPDFobject=\count385
\everyMPtoPDFconversion=\toks68
) (/usr/local/texlive/2024/texmf-dist/tex/latex/epstopdf-pkg/epstopdf-base.sty
Package: epstopdf-base 2020-01-24 v2.11 Base part for package epstopdf
Package epstopdf-base Info: Redefining graphics rule for `.eps' on input line 485.
 (/usr/local/texlive/2024/texmf-dist/tex/latex/latexconfig/epstopdf-sys.cfg
File: epstopdf-sys.cfg 2010/07/13 v1.3 Configuration of (r)epstopdf for TeX Live
))
*geometry* driver: auto-detecting
*geometry* detected driver: pdftex
*geometry* verbose mode - [ preamble ] result:
* driver: pdftex
* paper: letterpaper
* layout: <same size as paper>
* layoutoffset:(h,v)=(0.0pt,0.0pt)
* modes: 
* h-part:(L,W,R)=(54.2025pt, 505.89pt, 54.2025pt)
* v-part:(T,H,B)=(54.2025pt, 686.56499pt, 54.2025pt)
* \paperwidth=614.295pt
* \paperheight=794.96999pt
* \textwidth=505.89pt
* \textheight=686.56499pt
* \oddsidemargin=-18.06749pt
* \evensidemargin=-18.06749pt
* \topmargin=-55.06749pt
* \headheight=12.0pt
* \headsep=25.0pt
* \topskip=11.0pt
* \footskip=30.0pt
* \marginparwidth=59.0pt
* \marginparsep=10.0pt
* \columnsep=10.0pt
* \skip\footins=10.0pt plus 4.0pt minus 2.0pt
* \hoffset=0.0pt
* \voffset=0.0pt
* \mag=1000
* \@twocolumnfalse
* \@twosidefalse
* \@mparswitchfalse
* \@reversemarginfalse
* (1in=72.27pt=25.4mm, 1cm=28.453pt)

(/usr/local/texlive/2024/texmf-dist/tex/latex/translations/translations-basic-dictionary-english.trsl
File: translations-basic-dictionary-english.trsl (english translation file `translations-basic-dictionary')
)
Package translations Info: loading dictionary `translations-basic-dictionary' for `english'. on input line 22.
LaTeX Font Info:    Trying to load font information for U+msa on input line 22.
 (/usr/local/texlive/2024/texmf-dist/tex/latex/amsfonts/umsa.fd
File: umsa.fd 2013/01/14 v3.01 AMS symbols A
)
LaTeX Font Info:    Trying to load font information for U+msb on input line 22.
 (/usr/local/texlive/2024/texmf-dist/tex/latex/amsfonts/umsb.fd
File: umsb.fd 2013/01/14 v3.01 AMS symbols B
)
LaTeX Font Info:    Trying to load font information for U+rsfs on input line 22.
 (/usr/local/texlive/2024/texmf-dist/tex/latex/jknapltx/ursfs.fd
File: ursfs.fd 1998/03/24 rsfs font definition file (jk)
)
Package xypdf Info: Line width: 0.43799pt on input line 22.
Package hyperref Info: Link coloring ON on input line 22.
 (./Algebra_Aluffi.out) (./Algebra_Aluffi.out)
\@outlinefile=\write5
\openout5 = `Algebra_Aluffi.out'.

 (/usr/local/texlive/2024/texmf-dist/tex/latex/pdflscape/pdflscape.sty
Package: pdflscape 2022-10-27 v0.13 Display of landscape pages in PDF
 (/usr/local/texlive/2024/texmf-dist/tex/latex/pdflscape/pdflscape-nometadata.sty
Package: pdflscape-nometadata 2022-10-28 v0.13 Display of landscape pages in PDF (HO)
 (/usr/local/texlive/2024/texmf-dist/tex/latex/graphics/lscape.sty
Package: lscape 2020/05/28 v3.02 Landscape Pages (DPC)
)
Package pdflscape Info: Auto-detected driver: pdftex on input line 81.
))

Package pgfplots Warning: running in backwards compatibility mode (unsuitable tick labels; missing features). Consider writing \pgfplotsset{compat=1.18} into your preamble.
 on input line 22.

<BU_Logo.png, id=477, 3854.4pt x 2168.1pt>
File: BU_Logo.png Graphic file (type png)
<use BU_Logo.png>
Package pdftex.def Info: BU_Logo.png  used on input line 23.
(pdftex.def)             Requested size: 115.62701pt x 65.04019pt.


[1

{/usr/local/texlive/2024/texmf-var/fonts/map/pdftex/updmap/pdftex.map}{/usr/local/texlive/2024/texmf-dist/fonts/enc/dvips/cm-super/cm-super-t1.enc} </home/hyperion/texmf/tex/latex/titlepageBU/BU_Logo.png>]


pdfTeX warning (ext4): destination with the same identifier (name{page.1}) has been already used, duplicate ignored
<to be read again> 
                   \relax 
l.26 \end{abstract}
                    [1] (./Algebra_Aluffi.toc


pdfTeX warning (ext4): destination with the same identifier (name{page.1}) has been already used, duplicate ignored
<to be read again> 
                   \relax 
l.41 ...Group Homomorphisms}{29}{subsection.2.3.1}
                                                  % [1

]

[2])
\tf@toc=\write6
\openout6 = `Algebra_Aluffi.toc'.

 (./files/Chapter_1.tex

[3]
Chapter 1.
Package mdframed Info: mdframed detected package amsthm 
 changed the theorem header of amsthm
(mdframed)              on input line 5.
Package mdframed Info: mdframed detected package amsthm 
 changed the theorem header of amsthm
(mdframed)              on input line 7.
Package mdframed Info: mdframed detected package amsthm 
 changed the theorem header of amsthm
(mdframed)              on input line 13.
Package mdframed Info: mdframed detected package amsthm 
 changed the theorem header of amsthm
(mdframed)              on input line 15.
Package mdframed Info: mdframed detected package amsthm 
 changed the theorem header of amsthm
(mdframed)              on input line 19.
Package mdframed Info: mdframed detected package amsthm 
 changed the theorem header of amsthm
(mdframed)              on input line 28.
Package mdframed Info: mdframed detected package amsthm 
 changed the theorem header of amsthm
(mdframed)              on input line 30.
Package mdframed Info: mdframed detected package amsthm 
 changed the theorem header of amsthm
(mdframed)              on input line 39.


[4

]
Package mdframed Info: mdframed detected package amsthm 
 changed the theorem header of amsthm
(mdframed)              on input line 40.
Package mdframed Info: mdframed detected package amsthm 
 changed the theorem header of amsthm
(mdframed)              on input line 42.
Package mdframed Info: mdframed detected package amsthm 
 changed the theorem header of amsthm
(mdframed)              on input line 48.
Package mdframed Info: mdframed detected package amsthm 
 changed the theorem header of amsthm
(mdframed)              on input line 50.
Package mdframed Info: mdframed detected package amsthm 
 changed the theorem header of amsthm
(mdframed)              on input line 62.
Package mdframed Info: mdframed detected package amsthm 
 changed the theorem header of amsthm
(mdframed)              on input line 64.


[5{/usr/local/texlive/2024/texmf-dist/fonts/enc/dvips/cm-super/cm-super-ts1.enc}]
Package mdframed Info: mdframed detected package amsthm 
 changed the theorem header of amsthm
(mdframed)              on input line 69.
Package mdframed Info: mdframed detected package amsthm 
 changed the theorem header of amsthm
(mdframed)              on input line 71.
Package mdframed Info: mdframed detected package amsthm 
 changed the theorem header of amsthm
(mdframed)              on input line 93.
Package mdframed Info: mdframed detected package amsthm 
 changed the theorem header of amsthm
(mdframed)              on input line 99.


[6]
Package mdframed Info: mdframed detected package amsthm 
 changed the theorem header of amsthm
(mdframed)              on input line 103.
Package mdframed Info: mdframed detected package amsthm 
 changed the theorem header of amsthm
(mdframed)              on input line 109.
Package mdframed Info: mdframed detected package amsthm 
 changed the theorem header of amsthm
(mdframed)              on input line 113.
Package mdframed Info: mdframed detected package amsthm 
 changed the theorem header of amsthm
(mdframed)              on input line 115.


[7]
Package mdframed Info: mdframed detected package amsthm 
 changed the theorem header of amsthm
(mdframed)              on input line 139.
Package mdframed Info: mdframed detected package amsthm 
 changed the theorem header of amsthm
(mdframed)              on input line 149.
Package mdframed Info: mdframed detected package amsthm 
 changed the theorem header of amsthm
(mdframed)              on input line 151.
Package mdframed Info: mdframed detected package amsthm 
 changed the theorem header of amsthm
(mdframed)              on input line 153.
Package mdframed Info: mdframed detected package amsthm 
 changed the theorem header of amsthm
(mdframed)              on input line 157.
Package mdframed Info: mdframed detected package amsthm 
 changed the theorem header of amsthm
(mdframed)              on input line 163.
Package mdframed Info: mdframed detected package amsthm 
 changed the theorem header of amsthm
(mdframed)              on input line 165.
Package hyperref Info: bookmark level for unknown replacementproof defaults to 0 on input line 165.


[8]
Package mdframed Info: mdframed detected package amsthm 
 changed the theorem header of amsthm
(mdframed)              on input line 191.
Package mdframed Info: mdframed detected package amsthm 
 changed the theorem header of amsthm
(mdframed)              on input line 193.
Package mdframed Info: mdframed detected package amsthm 
 changed the theorem header of amsthm
(mdframed)              on input line 197.
Package mdframed Info: mdframed detected package amsthm 
 changed the theorem header of amsthm
(mdframed)              on input line 206.
Package mdframed Info: mdframed detected package amsthm 
 changed the theorem header of amsthm
(mdframed)              on input line 207.
Package mdframed Info: mdframed detected package amsthm 
 changed the theorem header of amsthm
(mdframed)              on input line 209.
Package mdframed Info: mdframed detected package amsthm 
 changed the theorem header of amsthm
(mdframed)              on input line 211.


[9]
Package mdframed Info: mdframed detected package amsthm 
 changed the theorem header of amsthm
(mdframed)              on input line 258.
Package mdframed Info: mdframed detected package amsthm 
 changed the theorem header of amsthm
(mdframed)              on input line 267.


[10]
Package mdframed Info: mdframed detected package amsthm 
 changed the theorem header of amsthm
(mdframed)              on input line 269.
Package mdframed Info: mdframed detected package amsthm 
 changed the theorem header of amsthm
(mdframed)              on input line 280.
LaTeX Font Info:    Trying to load font information for U+bbm on input line 286.
 (/usr/local/texlive/2024/texmf-dist/tex/latex/bbm-macros/ubbm.fd
File: ubbm.fd 1999/03/15 V 1.2 Font definition for bbm font - TH
)
Package mdframed Info: mdframed detected package amsthm 
 changed the theorem header of amsthm
(mdframed)              on input line 302.


[11]
Package mdframed Info: mdframed detected package amsthm 
 changed the theorem header of amsthm
(mdframed)              on input line 306.
Package mdframed Info: mdframed detected package amsthm 
 changed the theorem header of amsthm
(mdframed)              on input line 308.


[12]
Package mdframed Info: mdframed detected package amsthm 
 changed the theorem header of amsthm
(mdframed)              on input line 319.
Package mdframed Info: mdframed detected package amsthm 
 changed the theorem header of amsthm
(mdframed)              on input line 321.
Package mdframed Info: mdframed detected package amsthm 
 changed the theorem header of amsthm
(mdframed)              on input line 335.
Package mdframed Info: mdframed detected package amsthm 
 changed the theorem header of amsthm
(mdframed)              on input line 337.
Package mdframed Info: mdframed detected package amsthm 
 changed the theorem header of amsthm
(mdframed)              on input line 339.
Package mdframed Info: mdframed detected package amsthm 
 changed the theorem header of amsthm
(mdframed)              on input line 341.


[13]

[14]
Package mdframed Info: mdframed detected package amsthm 
 changed the theorem header of amsthm
(mdframed)              on input line 391.
Package mdframed Info: mdframed detected package amsthm 
 changed the theorem header of amsthm
(mdframed)              on input line 393.


[15]
Package mdframed Info: mdframed detected package amsthm 
 changed the theorem header of amsthm
(mdframed)              on input line 452.
Package mdframed Info: mdframed detected package amsthm 
 changed the theorem header of amsthm
(mdframed)              on input line 454.


[16]
Package mdframed Info: mdframed detected package amsthm 
 changed the theorem header of amsthm
(mdframed)              on input line 458.
Package mdframed Info: mdframed detected package amsthm 
 changed the theorem header of amsthm
(mdframed)              on input line 464.
Package mdframed Info: mdframed detected package amsthm 
 changed the theorem header of amsthm
(mdframed)              on input line 466.
Package mdframed Info: mdframed detected package amsthm 
 changed the theorem header of amsthm
(mdframed)              on input line 468.
Package mdframed Info: mdframed detected package amsthm 
 changed the theorem header of amsthm
(mdframed)              on input line 470.
Package mdframed Info: mdframed detected package amsthm 
 changed the theorem header of amsthm
(mdframed)              on input line 476.
Package mdframed Info: mdframed detected package amsthm 
 changed the theorem header of amsthm
(mdframed)              on input line 483.
Package mdframed Info: mdframed detected package amsthm 
 changed the theorem header of amsthm
(mdframed)              on input line 485.
Package mdframed Info: Box was splittet wrong
 starting loop to iterate the splitting point
(mdframed)              on input line 502.


[17]
Package mdframed Info: mdframed detected package amsthm 
 changed the theorem header of amsthm
(mdframed)              on input line 503.
Package mdframed Info: mdframed detected package amsthm 
 changed the theorem header of amsthm
(mdframed)              on input line 505.
Package mdframed Info: mdframed detected package amsthm 
 changed the theorem header of amsthm
(mdframed)              on input line 507.
Package mdframed Info: mdframed detected package amsthm 
 changed the theorem header of amsthm
(mdframed)              on input line 509.
Package mdframed Info: mdframed detected package amsthm 
 changed the theorem header of amsthm
(mdframed)              on input line 511.
Package mdframed Info: mdframed detected package amsthm 
 changed the theorem header of amsthm
(mdframed)              on input line 516.
Package mdframed Info: mdframed detected package amsthm 
 changed the theorem header of amsthm
(mdframed)              on input line 518.
Package mdframed Info: mdframed detected package amsthm 
 changed the theorem header of amsthm
(mdframed)              on input line 520.
Package mdframed Info: mdframed detected package amsthm 
 changed the theorem header of amsthm
(mdframed)              on input line 522.


[18]
Package mdframed Info: mdframed detected package amsthm 
 changed the theorem header of amsthm
(mdframed)              on input line 534.
Package mdframed Info: mdframed detected package amsthm 
 changed the theorem header of amsthm
(mdframed)              on input line 539.
Package mdframed Info: mdframed detected package amsthm 
 changed the theorem header of amsthm
(mdframed)              on input line 540.
Package mdframed Info: mdframed detected package amsthm 
 changed the theorem header of amsthm
(mdframed)              on input line 545.
Package mdframed Info: mdframed detected package amsthm 
 changed the theorem header of amsthm
(mdframed)              on input line 555.
Package mdframed Info: mdframed detected package amsthm 
 changed the theorem header of amsthm
(mdframed)              on input line 565.


[19]
Package mdframed Info: mdframed detected package amsthm 
 changed the theorem header of amsthm
(mdframed)              on input line 567.
Package mdframed Info: mdframed detected package amsthm 
 changed the theorem header of amsthm
(mdframed)              on input line 569.
Package mdframed Info: mdframed detected package amsthm 
 changed the theorem header of amsthm
(mdframed)              on input line 571.
Package mdframed Info: mdframed detected package amsthm 
 changed the theorem header of amsthm
(mdframed)              on input line 576.
Package mdframed Info: mdframed detected package amsthm 
 changed the theorem header of amsthm
(mdframed)              on input line 578.


[20]
Package mdframed Info: mdframed detected package amsthm 
 changed the theorem header of amsthm
(mdframed)              on input line 592.
Package mdframed Info: mdframed detected package amsthm 
 changed the theorem header of amsthm
(mdframed)              on input line 604.
Package mdframed Info: mdframed detected package amsthm 
 changed the theorem header of amsthm
(mdframed)              on input line 624.


[21]
Package mdframed Info: mdframed detected package amsthm 
 changed the theorem header of amsthm
(mdframed)              on input line 626.
Package mdframed Info: mdframed detected package amsthm 
 changed the theorem header of amsthm
(mdframed)              on input line 642.
Package mdframed Info: mdframed detected package amsthm 
 changed the theorem header of amsthm
(mdframed)              on input line 656.


[22]
Package mdframed Info: mdframed detected package amsthm 
 changed the theorem header of amsthm
(mdframed)              on input line 660.
Package mdframed Info: mdframed detected package amsthm 
 changed the theorem header of amsthm
(mdframed)              on input line 668.
Package mdframed Info: mdframed detected package amsthm 
 changed the theorem header of amsthm
(mdframed)              on input line 671.
Package mdframed Info: mdframed detected package amsthm 
 changed the theorem header of amsthm
(mdframed)              on input line 672.
Package mdframed Info: mdframed detected package amsthm 
 changed the theorem header of amsthm
(mdframed)              on input line 674.


[23]
Package mdframed Info: Not enough space on this page on input line 691.
) (./files/Chapter_2.tex

[24]
Chapter 2.

pdfTeX warning (ext4): destination with the same identifier (name{def.1}) has been already used, duplicate ignored
<to be read again> 
                   \relax 
l.10 \begin{definition}[Group]
                              \label{dfn:2.1.1}
Package mdframed Info: mdframed detected package amsthm 
 changed the theorem header of amsthm
(mdframed)              on input line 10.
Package mdframed Info: mdframed detected package amsthm 
 changed the theorem header of amsthm
(mdframed)              on input line 26.


[25

]
pdfTeX warning (ext4): destination with the same identifier (name{prp.1}) has been already used, duplicate ignored
<to be read again> 
                   \relax 
l.35 \begin{proposition}\label
                              {prp:2.1.1}
Package mdframed Info: mdframed detected package amsthm 
 changed the theorem header of amsthm
(mdframed)              on input line 35.
Package mdframed Info: mdframed detected package amsthm 
 changed the theorem header of amsthm
(mdframed)              on input line 37.
Package mdframed Info: mdframed detected package amsthm 
 changed the theorem header of amsthm
(mdframed)              on input line 39.

pdfTeX warning (ext4): destination with the same identifier (name{prp.2}) has been already used, duplicate ignored
<to be read again> 
                   \relax 
l.42 \begin{proposition}\label
                              {prp:2.1.2}
Package mdframed Info: mdframed detected package amsthm 
 changed the theorem header of amsthm
(mdframed)              on input line 42.
Package mdframed Info: mdframed detected package amsthm 
 changed the theorem header of amsthm
(mdframed)              on input line 44.
Package mdframed Info: mdframed detected package amsthm 
 changed the theorem header of amsthm
(mdframed)              on input line 46.


[26]
pdfTeX warning (ext4): destination with the same identifier (name{prp.3}) has been already used, duplicate ignored
<to be read again> 
                   \relax 
l.80 \begin{proposition}\label
                              {prp:2.1.3}
Package mdframed Info: mdframed detected package amsthm 
 changed the theorem header of amsthm
(mdframed)              on input line 80.
Package mdframed Info: mdframed detected package amsthm 
 changed the theorem header of amsthm
(mdframed)              on input line 85.
Package mdframed Info: mdframed detected package amsthm 
 changed the theorem header of amsthm
(mdframed)              on input line 87.

pdfTeX warning (ext4): destination with the same identifier (name{def.2}) has been already used, duplicate ignored
<to be read again> 
                   \relax 
l.99 \begin{definition}[Abelian Group]
                                      \label{dfn:2.1.2}
Package mdframed Info: mdframed detected package amsthm 
 changed the theorem header of amsthm
(mdframed)              on input line 99.
Package mdframed Info: mdframed detected package amsthm 
 changed the theorem header of amsthm
(mdframed)              on input line 104.

pdfTeX warning (ext4): destination with the same identifier (name{def.3}) has been already used, duplicate ignored
<to be read again> 
                   \relax 
l.108 \begin{definition}[Order]
                               \label{dfn:2.1.3}
Package mdframed Info: mdframed detected package amsthm 
 changed the theorem header of amsthm
(mdframed)              on input line 108.
Package mdframed Info: mdframed detected package amsthm 
 changed the theorem header of amsthm
(mdframed)              on input line 110.
Package mdframed Info: mdframed detected package amsthm 
 changed the theorem header of amsthm
(mdframed)              on input line 111.
Package mdframed Info: mdframed detected package amsthm 
 changed the theorem header of amsthm
(mdframed)              on input line 113.
Package mdframed Info: mdframed detected package amsthm 
 changed the theorem header of amsthm
(mdframed)              on input line 115.


[27]
Package mdframed Info: Not enough space on this page on input line 120.
Package mdframed Info: mdframed detected package amsthm 
 changed the theorem header of amsthm
(mdframed)              on input line 121.
Package mdframed Info: mdframed detected package amsthm 
 changed the theorem header of amsthm
(mdframed)              on input line 126.
Package mdframed Info: mdframed detected package amsthm 
 changed the theorem header of amsthm
(mdframed)              on input line 128.

pdfTeX warning (ext4): destination with the same identifier (name{def.4}) has been already used, duplicate ignored
<to be read again> 
                   \relax 
l.133 \begin{definition}[Group Order]
                                     \label{dfn:2.1.4}
Package mdframed Info: mdframed detected package amsthm 
 changed the theorem header of amsthm
(mdframed)              on input line 133.
Package mdframed Info: mdframed detected package amsthm 
 changed the theorem header of amsthm
(mdframed)              on input line 135.

pdfTeX warning (ext4): destination with the same identifier (name{prp.4}) has been already used, duplicate ignored
<to be read again> 
                   \relax 
l.144 \begin{proposition}\label
                               {prp:2.1.4}
Package mdframed Info: mdframed detected package amsthm 
 changed the theorem header of amsthm
(mdframed)              on input line 144.
Package mdframed Info: mdframed detected package amsthm 
 changed the theorem header of amsthm
(mdframed)              on input line 149.
Package mdframed Info: mdframed detected package amsthm 
 changed the theorem header of amsthm
(mdframed)              on input line 151.

pdfTeX warning (ext4): destination with the same identifier (name{prp.5}) has been already used, duplicate ignored
<to be read again> 
                   \relax 
l.156 \begin{proposition}\label
                               {prp:2.1.5}
Package mdframed Info: mdframed detected package amsthm 
 changed the theorem header of amsthm
(mdframed)              on input line 156.
Package mdframed Info: mdframed detected package amsthm 
 changed the theorem header of amsthm
(mdframed)              on input line 158.


[28]
Package mdframed Info: mdframed detected package amsthm 
 changed the theorem header of amsthm
(mdframed)              on input line 160.


Package hyperref Warning: Token not allowed in a PDF string (Unicode):
(hyperref)                removing `math shift' on input line 167.


Package hyperref Warning: Token not allowed in a PDF string (Unicode):
(hyperref)                removing `math shift' on input line 167.


pdfTeX warning (ext4): destination with the same identifier (name{def.5}) has been already used, duplicate ignored
<to be read again> 
                   \relax 
l.198 \begin{definition}[Group Homomorphism]
                                            \label{dfn:3.1}
Package mdframed Info: mdframed detected package amsthm 
 changed the theorem header of amsthm
(mdframed)              on input line 198.
Package mdframed Info: mdframed detected package amsthm 
 changed the theorem header of amsthm
(mdframed)              on input line 200.


Package hyperref Warning: Token not allowed in a PDF string (Unicode):
(hyperref)                removing `math shift' on input line 201.


Package hyperref Warning: Token not allowed in a PDF string (Unicode):
(hyperref)                removing `math shift' on input line 201.



[29]
pdfTeX warning (ext4): destination with the same identifier (name{prp.6}) has been already used, duplicate ignored
<to be read again> 
                   \relax 
l.214 \begin{proposition}\label
                               {prp:2.3.1}
Package mdframed Info: mdframed detected package amsthm 
 changed the theorem header of amsthm
(mdframed)              on input line 214.
Package mdframed Info: mdframed detected package amsthm 
 changed the theorem header of amsthm
(mdframed)              on input line 226.
Package mdframed Info: mdframed detected package amsthm 
 changed the theorem header of amsthm
(mdframed)              on input line 228.


Package mdframed Warning: You got a bad break
(mdframed)                because the last box will be empty
(mdframed)                you have to change it manually
(mdframed)                by changing the text, the space
(mdframed)                or something else on input line 237.

Package mdframed Info: Box was splittet wrong
 starting loop to iterate the splitting point
(mdframed)              on input line 237.


[30]
pdfTeX warning (ext4): destination with the same identifier (name{prp.7}) has been already used, duplicate ignored
<to be read again> 
                   \relax 
l.242 \begin{proposition}\label
                               {prp:2.3.2}
Package mdframed Info: mdframed detected package amsthm 
 changed the theorem header of amsthm
(mdframed)              on input line 242.
Package mdframed Info: mdframed detected package amsthm 
 changed the theorem header of amsthm
(mdframed)              on input line 244.
Package mdframed Info: mdframed detected package amsthm 
 changed the theorem header of amsthm
(mdframed)              on input line 246.

pdfTeX warning (ext4): destination with the same identifier (name{prp.8}) has been already used, duplicate ignored
<to be read again> 
                   \relax 
l.250 \begin{proposition}\label
                               {prp:2.3.3}
Package mdframed Info: mdframed detected package amsthm 
 changed the theorem header of amsthm
(mdframed)              on input line 250.
Package mdframed Info: mdframed detected package amsthm 
 changed the theorem header of amsthm
(mdframed)              on input line 252.
Package mdframed Info: mdframed detected package amsthm 
 changed the theorem header of amsthm
(mdframed)              on input line 254.


[31]
Package mdframed Info: mdframed detected package amsthm 
 changed the theorem header of amsthm
(mdframed)              on input line 284.
Package mdframed Info: mdframed detected package amsthm 
 changed the theorem header of amsthm
(mdframed)              on input line 286.
Package mdframed Info: mdframed detected package amsthm 
 changed the theorem header of amsthm
(mdframed)              on input line 288.
Package mdframed Info: mdframed detected package amsthm 
 changed the theorem header of amsthm
(mdframed)              on input line 293.
Package mdframed Info: mdframed detected package amsthm 
 changed the theorem header of amsthm
(mdframed)              on input line 295.
Package mdframed Info: mdframed detected package amsthm 
 changed the theorem header of amsthm
(mdframed)              on input line 297.


[32]
pdfTeX warning (ext4): destination with the same identifier (name{def.6}) has been already used, duplicate ignored
<to be read again> 
                   \relax 
l.305 \begin{definition}[Isomorphic Groups]
                                           \label{dfn:2.4.1}
Package mdframed Info: mdframed detected package amsthm 
 changed the theorem header of amsthm
(mdframed)              on input line 305.
Package mdframed Info: mdframed detected package amsthm 
 changed the theorem header of amsthm
(mdframed)              on input line 307.

pdfTeX warning (ext4): destination with the same identifier (name{def.7}) has been already used, duplicate ignored
<to be read again> 
                   \relax 
l.309 \begin{definition}[Cyclic]
                                \label{dfn:2.4.2}
Package mdframed Info: mdframed detected package amsthm 
 changed the theorem header of amsthm
(mdframed)              on input line 309.
Package mdframed Info: mdframed detected package amsthm 
 changed the theorem header of amsthm
(mdframed)              on input line 311.
Package mdframed Info: mdframed detected package amsthm 
 changed the theorem header of amsthm
(mdframed)              on input line 315.
Package mdframed Info: mdframed detected package amsthm 
 changed the theorem header of amsthm
(mdframed)              on input line 320.
Package mdframed Info: mdframed detected package amsthm 
 changed the theorem header of amsthm
(mdframed)              on input line 322.


[33]

[34]
Package mdframed Info: mdframed detected package amsthm 
 changed the theorem header of amsthm
(mdframed)              on input line 380.
Package mdframed Info: mdframed detected package amsthm 
 changed the theorem header of amsthm
(mdframed)              on input line 382.
Package mdframed Info: mdframed detected package amsthm 
 changed the theorem header of amsthm
(mdframed)              on input line 384.
Package mdframed Info: mdframed detected package amsthm 
 changed the theorem header of amsthm
(mdframed)              on input line 394.
Package mdframed Info: mdframed detected package amsthm 
 changed the theorem header of amsthm
(mdframed)              on input line 396.
Package mdframed Info: mdframed detected package amsthm 
 changed the theorem header of amsthm
(mdframed)              on input line 398.


[35]
Package mdframed Info: mdframed detected package amsthm 
 changed the theorem header of amsthm
(mdframed)              on input line 414.
Package mdframed Info: mdframed detected package amsthm 
 changed the theorem header of amsthm
(mdframed)              on input line 416.
Package mdframed Info: mdframed detected package amsthm 
 changed the theorem header of amsthm
(mdframed)              on input line 418.
Package mdframed Info: mdframed detected package amsthm 
 changed the theorem header of amsthm
(mdframed)              on input line 458.
Package mdframed Info: mdframed detected package amsthm 
 changed the theorem header of amsthm
(mdframed)              on input line 460.


[36]
Package mdframed Info: mdframed detected package amsthm 
 changed the theorem header of amsthm
(mdframed)              on input line 462.

pdfTeX warning (ext4): destination with the same identifier (name{def.8}) has been already used, duplicate ignored
<to be read again> 
                   \relax 
l.471 \begin{definition}[Subgroup]
                                  \label{dfn:2.6.1}
Package mdframed Info: mdframed detected package amsthm 
 changed the theorem header of amsthm
(mdframed)              on input line 471.
Package mdframed Info: mdframed detected package amsthm 
 changed the theorem header of amsthm
(mdframed)              on input line 473.
Package mdframed Info: mdframed detected package amsthm 
 changed the theorem header of amsthm
(mdframed)              on input line 480.
Package mdframed Info: mdframed detected package amsthm 
 changed the theorem header of amsthm
(mdframed)              on input line 485.
Package mdframed Info: mdframed detected package amsthm 
 changed the theorem header of amsthm
(mdframed)              on input line 487.
Package mdframed Info: mdframed detected package amsthm 
 changed the theorem header of amsthm
(mdframed)              on input line 490.
Package mdframed Info: mdframed detected package amsthm 
 changed the theorem header of amsthm
(mdframed)              on input line 496.
Package mdframed Info: mdframed detected package amsthm 
 changed the theorem header of amsthm
(mdframed)              on input line 498.


[37]
Package mdframed Info: Not enough space on this page on input line 499.
Package mdframed Info: mdframed detected package amsthm 
 changed the theorem header of amsthm
(mdframed)              on input line 500.
Package mdframed Info: mdframed detected package amsthm 
 changed the theorem header of amsthm
(mdframed)              on input line 502.
Package mdframed Info: mdframed detected package amsthm 
 changed the theorem header of amsthm
(mdframed)              on input line 504.

pdfTeX warning (ext4): destination with the same identifier (name{def.9}) has been already used, duplicate ignored
<to be read again> 
                   \relax 
l.512 \begin{definition}[Kernel]
                                \label{dfn:2.6.2}
Package mdframed Info: mdframed detected package amsthm 
 changed the theorem header of amsthm
(mdframed)              on input line 512.
Package mdframed Info: mdframed detected package amsthm 
 changed the theorem header of amsthm
(mdframed)              on input line 517.
Package mdframed Info: mdframed detected package amsthm 
 changed the theorem header of amsthm
(mdframed)              on input line 518.
Package mdframed Info: mdframed detected package amsthm 
 changed the theorem header of amsthm
(mdframed)              on input line 520.
Package mdframed Info: mdframed detected package amsthm 
 changed the theorem header of amsthm
(mdframed)              on input line 522.
Package mdframed Info: mdframed detected package amsthm 
 changed the theorem header of amsthm
(mdframed)              on input line 531.
Package mdframed Info: mdframed detected package amsthm 
 changed the theorem header of amsthm
(mdframed)              on input line 539.


[38]
Package mdframed Info: mdframed detected package amsthm 
 changed the theorem header of amsthm
(mdframed)              on input line 541.

pdfTeX warning (ext4): destination with the same identifier (name{def.10}) has been already used, duplicate ignored
<to be read again> 
                   \relax 
l.558 ...in{definition}[Subgroup Generated by $A$]
                                                  \label{dfn:2.6.3}
Package mdframed Info: mdframed detected package amsthm 
 changed the theorem header of amsthm
(mdframed)              on input line 558.
Package mdframed Info: mdframed detected package amsthm 
 changed the theorem header of amsthm
(mdframed)              on input line 560.


[39]
pdfTeX warning (ext4): destination with the same identifier (name{def.11}) has been already used, duplicate ignored
<to be read again> 
                   \relax 
l.573 \begin{definition}[Finitely-Generated]
                                            \label{dfn:2.6.4}
Package mdframed Info: mdframed detected package amsthm 
 changed the theorem header of amsthm
(mdframed)              on input line 573.
Package mdframed Info: mdframed detected package amsthm 
 changed the theorem header of amsthm
(mdframed)              on input line 575.
Package mdframed Info: mdframed detected package amsthm 
 changed the theorem header of amsthm
(mdframed)              on input line 584.
Package mdframed Info: mdframed detected package amsthm 
 changed the theorem header of amsthm
(mdframed)              on input line 586.
Package mdframed Info: mdframed detected package amsthm 
 changed the theorem header of amsthm
(mdframed)              on input line 588.
Package mdframed Info: mdframed detected package amsthm 
 changed the theorem header of amsthm
(mdframed)              on input line 595.
Package mdframed Info: mdframed detected package amsthm 
 changed the theorem header of amsthm
(mdframed)              on input line 597.
Package mdframed Info: mdframed detected package amsthm 
 changed the theorem header of amsthm
(mdframed)              on input line 599.
Package mdframed Info: Not enough space on this page on input line 604.


[40]
Package mdframed Info: Not enough space on this page on input line 604.
Package mdframed Info: mdframed detected package amsthm 
 changed the theorem header of amsthm
(mdframed)              on input line 609.
Package mdframed Info: mdframed detected package amsthm 
 changed the theorem header of amsthm
(mdframed)              on input line 616.
Package mdframed Info: mdframed detected package amsthm 
 changed the theorem header of amsthm
(mdframed)              on input line 618.

pdfTeX warning (ext4): destination with the same identifier (name{def.12}) has been already used, duplicate ignored
<to be read again> 
                   \relax 
l.636 \begin{definition}[Normal Subgroup]
                                         \label{dfn:2.7.1}
Package mdframed Info: mdframed detected package amsthm 
 changed the theorem header of amsthm
(mdframed)              on input line 636.
Package mdframed Info: mdframed detected package amsthm 
 changed the theorem header of amsthm
(mdframed)              on input line 641.
Package mdframed Info: mdframed detected package amsthm 
 changed the theorem header of amsthm
(mdframed)              on input line 644.
Package mdframed Info: mdframed detected package amsthm 
 changed the theorem header of amsthm
(mdframed)              on input line 646.


[41]
Package mdframed Info: mdframed detected package amsthm 
 changed the theorem header of amsthm
(mdframed)              on input line 648.
Package mdframed Info: mdframed detected package amsthm 
 changed the theorem header of amsthm
(mdframed)              on input line 678.
Package mdframed Info: mdframed detected package amsthm 
 changed the theorem header of amsthm
(mdframed)              on input line 684.
Package mdframed Info: mdframed detected package amsthm 
 changed the theorem header of amsthm
(mdframed)              on input line 686.
Package mdframed Info: Not enough space on this page on input line 709.


[42]
Package mdframed Info: Not enough space on this page on input line 709.
Package mdframed Info: mdframed detected package amsthm 
 changed the theorem header of amsthm
(mdframed)              on input line 723.
Package mdframed Info: mdframed detected package amsthm 
 changed the theorem header of amsthm
(mdframed)              on input line 729.
Package mdframed Info: mdframed detected package amsthm 
 changed the theorem header of amsthm
(mdframed)              on input line 731.


[43]
Package mdframed Info: Not enough space on this page on input line 744.

pdfTeX warning (ext4): destination with the same identifier (name{def.13}) has been already used, duplicate ignored
<to be read again> 
                   \relax 
l.746 \begin{definition}[Cosets]
                                \label{dfn:2.7.2}
Package mdframed Info: mdframed detected package amsthm 
 changed the theorem header of amsthm
(mdframed)              on input line 746.
Package mdframed Info: mdframed detected package amsthm 
 changed the theorem header of amsthm
(mdframed)              on input line 748.
Package mdframed Info: mdframed detected package amsthm 
 changed the theorem header of amsthm
(mdframed)              on input line 751.
Package mdframed Info: mdframed detected package amsthm 
 changed the theorem header of amsthm
(mdframed)              on input line 757.
Package mdframed Info: mdframed detected package amsthm 
 changed the theorem header of amsthm
(mdframed)              on input line 759.
Package mdframed Info: mdframed detected package amsthm 
 changed the theorem header of amsthm
(mdframed)              on input line 763.
Package mdframed Info: mdframed detected package amsthm 
 changed the theorem header of amsthm
(mdframed)              on input line 769.
Package mdframed Info: mdframed detected package amsthm 
 changed the theorem header of amsthm
(mdframed)              on input line 771.


[44]
Package mdframed Info: mdframed detected package amsthm 
 changed the theorem header of amsthm
(mdframed)              on input line 776.
Package mdframed Info: mdframed detected package amsthm 
 changed the theorem header of amsthm
(mdframed)              on input line 778.
Package mdframed Info: mdframed detected package amsthm 
 changed the theorem header of amsthm
(mdframed)              on input line 780.

pdfTeX warning (ext4): destination with the same identifier (name{def.14}) has been already used, duplicate ignored
<to be read again> 
                   \relax 
l.783 \begin{definition}[Quotient Group]
                                        \label{dfn:2.7.2}
Package mdframed Info: mdframed detected package amsthm 
 changed the theorem header of amsthm
(mdframed)              on input line 783.
Package mdframed Info: mdframed detected package amsthm 
 changed the theorem header of amsthm
(mdframed)              on input line 789.

pdfTeX warning (ext4): destination with the same identifier (name{thm.1}) has been already used, duplicate ignored
<to be read again> 
                   \relax 
l.792 \begin{theorem}\label
                           {thm:2.7.1}
Package mdframed Info: mdframed detected package amsthm 
 changed the theorem header of amsthm
(mdframed)              on input line 792.
Package mdframed Info: mdframed detected package amsthm 
 changed the theorem header of amsthm
(mdframed)              on input line 799.
Package mdframed Info: mdframed detected package amsthm 
 changed the theorem header of amsthm
(mdframed)              on input line 801.


Package hyperref Warning: Token not allowed in a PDF string (Unicode):
(hyperref)                removing `math shift' on input line 803.


Package hyperref Warning: Token not allowed in a PDF string (Unicode):
(hyperref)                removing `\leavevmode@ifvmode' on input line 803.


Package hyperref Warning: Token not allowed in a PDF string (Unicode):
(hyperref)                \kern 3.0235pt
(hyperref)                removed on input line 803.


Package hyperref Warning: Token not allowed in a PDF string (Unicode):
(hyperref)                removing `\Leftarrow' on input line 803.


Package hyperref Warning: Token not allowed in a PDF string (Unicode):
(hyperref)                removing `\mathrel' on input line 803.


Package hyperref Warning: Token not allowed in a PDF string (Unicode):
(hyperref)                removing `\mkern' on input line 803.


Package hyperref Warning: Token not allowed in a PDF string (Unicode):
(hyperref)                removing `\Rightarrow' on input line 803.


Package hyperref Warning: Token not allowed in a PDF string (Unicode):
(hyperref)                removing `\leavevmode@ifvmode' on input line 803.


Package hyperref Warning: Token not allowed in a PDF string (Unicode):
(hyperref)                \kern 3.0235pt
(hyperref)                removed on input line 803.


Package hyperref Warning: Token not allowed in a PDF string (Unicode):
(hyperref)                removing `math shift' on input line 803.



[45]
Package mdframed Info: mdframed detected package amsthm 
 changed the theorem header of amsthm
(mdframed)              on input line 809.
Package mdframed Info: mdframed detected package amsthm 
 changed the theorem header of amsthm
(mdframed)              on input line 815.
Package mdframed Info: mdframed detected package amsthm 
 changed the theorem header of amsthm
(mdframed)              on input line 817.
Package mdframed Info: mdframed detected package amsthm 
 changed the theorem header of amsthm
(mdframed)              on input line 819.
Package mdframed Info: mdframed detected package amsthm 
 changed the theorem header of amsthm
(mdframed)              on input line 824.
Package mdframed Info: mdframed detected package amsthm 
 changed the theorem header of amsthm
(mdframed)              on input line 826.
Package mdframed Info: mdframed detected package amsthm 
 changed the theorem header of amsthm
(mdframed)              on input line 829.
Package mdframed Info: mdframed detected package amsthm 
 changed the theorem header of amsthm
(mdframed)              on input line 834.
Package mdframed Info: mdframed detected package amsthm 
 changed the theorem header of amsthm
(mdframed)              on input line 836.
Package mdframed Info: Box was splittet wrong
 starting loop to iterate the splitting point
(mdframed)              on input line 848.


[46]
Package mdframed Info: mdframed detected package amsthm 
 changed the theorem header of amsthm
(mdframed)              on input line 874.
Package mdframed Info: mdframed detected package amsthm 
 changed the theorem header of amsthm
(mdframed)              on input line 880.


[47]
Package mdframed Info: mdframed detected package amsthm 
 changed the theorem header of amsthm
(mdframed)              on input line 882.
Package mdframed Info: mdframed detected package amsthm 
 changed the theorem header of amsthm
(mdframed)              on input line 891.
Package mdframed Info: mdframed detected package amsthm 
 changed the theorem header of amsthm
(mdframed)              on input line 896.
Package mdframed Info: mdframed detected package amsthm 
 changed the theorem header of amsthm
(mdframed)              on input line 898.


Package hyperref Warning: Token not allowed in a PDF string (Unicode):
(hyperref)                removing `math shift' on input line 910.


Package hyperref Warning: Token not allowed in a PDF string (Unicode):
(hyperref)                removing `math shift' on input line 910.


Package hyperref Warning: Token not allowed in a PDF string (Unicode):
(hyperref)                removing `math shift' on input line 910.


Package hyperref Warning: Token not allowed in a PDF string (Unicode):
(hyperref)                removing `\cap' on input line 910.


Package hyperref Warning: Token not allowed in a PDF string (Unicode):
(hyperref)                removing `math shift' on input line 910.

Package mdframed Info: mdframed detected package amsthm 
 changed the theorem header of amsthm
(mdframed)              on input line 912.
Package mdframed Info: mdframed detected package amsthm 
 changed the theorem header of amsthm
(mdframed)              on input line 917.


[48]
Package mdframed Info: mdframed detected package amsthm 
 changed the theorem header of amsthm
(mdframed)              on input line 919.

pdfTeX warning (ext4): destination with the same identifier (name{def.15}) has been already used, duplicate ignored
<to be read again> 
                   \relax 
l.932 \begin{definition}[Index]
                               \label{dfn:2.8.1}
Package mdframed Info: mdframed detected package amsthm 
 changed the theorem header of amsthm
(mdframed)              on input line 932.
Package mdframed Info: mdframed detected package amsthm 
 changed the theorem header of amsthm
(mdframed)              on input line 937.
Package mdframed Info: mdframed detected package amsthm 
 changed the theorem header of amsthm
(mdframed)              on input line 938.
Package mdframed Info: mdframed detected package amsthm 
 changed the theorem header of amsthm
(mdframed)              on input line 947.
Package mdframed Info: mdframed detected package amsthm 
 changed the theorem header of amsthm
(mdframed)              on input line 949.
Package mdframed Info: mdframed detected package amsthm 
 changed the theorem header of amsthm
(mdframed)              on input line 951.
Package mdframed Info: mdframed detected package amsthm 
 changed the theorem header of amsthm
(mdframed)              on input line 953.
Package mdframed Info: mdframed detected package amsthm 
 changed the theorem header of amsthm
(mdframed)              on input line 955.


[49]
Package mdframed Info: Not enough space on this page on input line 959.
Package mdframed Info: mdframed detected package amsthm 
 changed the theorem header of amsthm
(mdframed)              on input line 976.
Package mdframed Info: mdframed detected package amsthm 
 changed the theorem header of amsthm
(mdframed)              on input line 983.
Package mdframed Info: mdframed detected package amsthm 
 changed the theorem header of amsthm
(mdframed)              on input line 985.


[50]
pdfTeX warning (ext4): destination with the same identifier (name{def.16}) has been already used, duplicate ignored
<to be read again> 
                   \relax 
l.1010 \begin{definition}[Group Action]
                                       \label{dfn:2.9.1}
Package mdframed Info: mdframed detected package amsthm 
 changed the theorem header of amsthm
(mdframed)              on input line 1010.
Package mdframed Info: mdframed detected package amsthm 
 changed the theorem header of amsthm
(mdframed)              on input line 1015.

pdfTeX warning (ext4): destination with the same identifier (name{def.17}) has been already used, duplicate ignored
<to be read again> 
                   \relax 
l.1018 \begin{definition}[Faithful/Effective]
                                             \label{dfn:2.8.2}
Package mdframed Info: mdframed detected package amsthm 
 changed the theorem header of amsthm
(mdframed)              on input line 1018.
Package mdframed Info: mdframed detected package amsthm 
 changed the theorem header of amsthm
(mdframed)              on input line 1020.
Package mdframed Info: mdframed detected package amsthm 
 changed the theorem header of amsthm
(mdframed)              on input line 1031.
Package mdframed Info: mdframed detected package amsthm 
 changed the theorem header of amsthm
(mdframed)              on input line 1033.


[51]
Package mdframed Info: mdframed detected package amsthm 
 changed the theorem header of amsthm
(mdframed)              on input line 1035.


Package hyperref Warning: Token not allowed in a PDF string (Unicode):
(hyperref)                removing `math shift' on input line 1040.


Package hyperref Warning: Token not allowed in a PDF string (Unicode):
(hyperref)                removing `math shift' on input line 1040.


Package hyperref Warning: Token not allowed in a PDF string (Unicode):
(hyperref)                removing `math shift' on input line 1040.


Package hyperref Warning: Token not allowed in a PDF string (Unicode):
(hyperref)                removing `math shift' on input line 1040.


pdfTeX warning (ext4): destination with the same identifier (name{def.18}) has been already used, duplicate ignored
<to be read again> 
                   \relax 
l.1041 \begin{definition}[Transitive]
                                     \label{dfn:2.9.3}
Package mdframed Info: mdframed detected package amsthm 
 changed the theorem header of amsthm
(mdframed)              on input line 1041.
Package mdframed Info: mdframed detected package amsthm 
 changed the theorem header of amsthm
(mdframed)              on input line 1043.

pdfTeX warning (ext4): destination with the same identifier (name{def.19}) has been already used, duplicate ignored
<to be read again> 
                   \relax 
l.1045 \begin{definition}[Orbit]
                                \label{dfn:2.9.4}
Package mdframed Info: mdframed detected package amsthm 
 changed the theorem header of amsthm
(mdframed)              on input line 1045.
Package mdframed Info: mdframed detected package amsthm 
 changed the theorem header of amsthm
(mdframed)              on input line 1050.

pdfTeX warning (ext4): destination with the same identifier (name{def.20}) has been already used, duplicate ignored
<to be read again> 
                   \relax 
l.1051 \begin{definition}[Stabilizer]
                                     \label{dfn:2.9.5}
Package mdframed Info: mdframed detected package amsthm 
 changed the theorem header of amsthm
(mdframed)              on input line 1051.
Package mdframed Info: mdframed detected package amsthm 
 changed the theorem header of amsthm
(mdframed)              on input line 1056.

pdfTeX warning (ext4): destination with the same identifier (name{def.21}) has been already used, duplicate ignored
<to be read again> 
                   \relax 
l.1059 \begin{definition}[$G$-$\mathsf{Set}$]
                                             \label{dfn:2.9.6}
Package mdframed Info: mdframed detected package amsthm 
 changed the theorem header of amsthm
(mdframed)              on input line 1059.
Package mdframed Info: mdframed detected package amsthm 
 changed the theorem header of amsthm
(mdframed)              on input line 1070.


[52]
Package mdframed Info: mdframed detected package amsthm 
 changed the theorem header of amsthm
(mdframed)              on input line 1074.
Package mdframed Info: mdframed detected package amsthm 
 changed the theorem header of amsthm
(mdframed)              on input line 1076.
Package mdframed Info: mdframed detected package amsthm 
 changed the theorem header of amsthm
(mdframed)              on input line 1078.
Package mdframed Info: mdframed detected package amsthm 
 changed the theorem header of amsthm
(mdframed)              on input line 1103.
Package mdframed Info: mdframed detected package amsthm 
 changed the theorem header of amsthm
(mdframed)              on input line 1105.


[53]
Package mdframed Info: mdframed detected package amsthm 
 changed the theorem header of amsthm
(mdframed)              on input line 1107.
Package mdframed Info: mdframed detected package amsthm 
 changed the theorem header of amsthm
(mdframed)              on input line 1120.
Package mdframed Info: mdframed detected package amsthm 
 changed the theorem header of amsthm
(mdframed)              on input line 1125.
Package mdframed Info: mdframed detected package amsthm 
 changed the theorem header of amsthm
(mdframed)              on input line 1127.

pdfTeX warning (ext4): destination with the same identifier (name{def.22}) has been already used, duplicate ignored
<to be read again> 
                   \relax 
l.1148 \begin{definition}[Group Object]
                                       \label{dfn:2.10.1}

[54]
Package mdframed Info: mdframed detected package amsthm 
 changed the theorem header of amsthm
(mdframed)              on input line 1148.
Package mdframed Info: mdframed detected package amsthm 
 changed the theorem header of amsthm
(mdframed)              on input line 1167.


[55]) (./files/Chapter_3.tex
Overfull \hbox (2.39479pt too wide) in paragraph at lines 1185--1
[]\T1/cmr/m/n/10.95 Many im-por-tant cat-e-gories, such as the cat-e-gories of topo-log-i-cal spaces, dif-fer-en-tiable man-i-folds, schemes,
 []



[56]
Chapter 3.
(./files/Chapter_3/section_1.tex
pdfTeX warning (ext4): destination with the same identifier (name{def.1}) has been already used, duplicate ignored
<to be read again> 
                   \relax 
l.5 \begin{definition}[Ring]
                            \label{dfn:3.1.1}
Package mdframed Info: mdframed detected package amsthm 
 changed the theorem header of amsthm
(mdframed)              on input line 5.
Package mdframed Info: mdframed detected package amsthm 
 changed the theorem header of amsthm
(mdframed)              on input line 15.

pdfTeX warning (ext4): destination with the same identifier (name{lma.1}) has been already used, duplicate ignored
<to be read again> 
                   \relax 
l.20 \begin{lemma}\label
                        {lma:3.1.1}
Package mdframed Info: mdframed detected package amsthm 
 changed the theorem header of amsthm
(mdframed)              on input line 20.
Package mdframed Info: mdframed detected package amsthm 
 changed the theorem header of amsthm
(mdframed)              on input line 25.
Package mdframed Info: mdframed detected package amsthm 
 changed the theorem header of amsthm
(mdframed)              on input line 27.
Package mdframed Info: Box was splittet wrong
 starting loop to iterate the splitting point
(mdframed)              on input line 32.


[57

]
pdfTeX warning (ext4): destination with the same identifier (name{def.2}) has been already used, duplicate ignored
<to be read again> 
                   \relax 
l.41 \begin{definition}[Commutative]
                                    \label{dfn:3.1.2}
Package mdframed Info: mdframed detected package amsthm 
 changed the theorem header of amsthm
(mdframed)              on input line 41.
Package mdframed Info: mdframed detected package amsthm 
 changed the theorem header of amsthm
(mdframed)              on input line 43.

pdfTeX warning (ext4): destination with the same identifier (name{def.3}) has been already used, duplicate ignored
<to be read again> 
                   \relax 
l.53 \begin{definition}[Zero Divisor]
                                     \label{dfn:3.1.3}
Package mdframed Info: mdframed detected package amsthm 
 changed the theorem header of amsthm
(mdframed)              on input line 53.
Package mdframed Info: mdframed detected package amsthm 
 changed the theorem header of amsthm
(mdframed)              on input line 55.

pdfTeX warning (ext4): destination with the same identifier (name{prp.1}) has been already used, duplicate ignored
<to be read again> 
                   \relax 
l.56 \begin{proposition}\label
                              {prp:3.1.1}
Package mdframed Info: mdframed detected package amsthm 
 changed the theorem header of amsthm
(mdframed)              on input line 56.
Package mdframed Info: mdframed detected package amsthm 
 changed the theorem header of amsthm
(mdframed)              on input line 58.
Package mdframed Info: mdframed detected package amsthm 
 changed the theorem header of amsthm
(mdframed)              on input line 60.

pdfTeX warning (ext4): destination with the same identifier (name{def.4}) has been already used, duplicate ignored
<to be read again> 
                   \relax 
l.67 \begin{definition}[Integral Domain]
                                        \label{dfn:3.1.4}
Package mdframed Info: mdframed detected package amsthm 
 changed the theorem header of amsthm
(mdframed)              on input line 67.
Package mdframed Info: mdframed detected package amsthm 
 changed the theorem header of amsthm
(mdframed)              on input line 72.


[58]
pdfTeX warning (ext4): destination with the same identifier (name{def.5}) has been already used, duplicate ignored
<to be read again> 
                   \relax 
l.76 \begin{definition}[Unit]
                             \label{dfn:3.1.5}
Package mdframed Info: mdframed detected package amsthm 
 changed the theorem header of amsthm
(mdframed)              on input line 76.
Package mdframed Info: mdframed detected package amsthm 
 changed the theorem header of amsthm
(mdframed)              on input line 78.

pdfTeX warning (ext4): destination with the same identifier (name{prp.2}) has been already used, duplicate ignored
<to be read again> 
                   \relax 
l.79 \begin{proposition}\label
                              {prp:3.1.2}
Package mdframed Info: mdframed detected package amsthm 
 changed the theorem header of amsthm
(mdframed)              on input line 79.
Package mdframed Info: mdframed detected package amsthm 
 changed the theorem header of amsthm
(mdframed)              on input line 87.
Package mdframed Info: mdframed detected package amsthm 
 changed the theorem header of amsthm
(mdframed)              on input line 89.

pdfTeX warning (ext4): destination with the same identifier (name{def.6}) has been already used, duplicate ignored
<to be read again> 
                   \relax 
l.98 \begin{definition}[Division Ring]
                                      \label{dfn:3.1.6}
Package mdframed Info: mdframed detected package amsthm 
 changed the theorem header of amsthm
(mdframed)              on input line 98.
Package mdframed Info: mdframed detected package amsthm 
 changed the theorem header of amsthm
(mdframed)              on input line 100.

pdfTeX warning (ext4): destination with the same identifier (name{def.7}) has been already used, duplicate ignored
<to be read again> 
                   \relax 
l.103 \begin{definition}[Field]
                               \label{dfn:3.1.7}
Package mdframed Info: mdframed detected package amsthm 
 changed the theorem header of amsthm
(mdframed)              on input line 103.
Package mdframed Info: mdframed detected package amsthm 
 changed the theorem header of amsthm
(mdframed)              on input line 105.

pdfTeX warning (ext4): destination with the same identifier (name{prp.3}) has been already used, duplicate ignored
<to be read again> 
                   \relax 
l.107 \begin{proposition}\label
                               {prp:3.1.3}
Package mdframed Info: mdframed detected package amsthm 
 changed the theorem header of amsthm
(mdframed)              on input line 107.
Package mdframed Info: mdframed detected package amsthm 
 changed the theorem header of amsthm
(mdframed)              on input line 109.
Package mdframed Info: mdframed detected package amsthm 
 changed the theorem header of amsthm
(mdframed)              on input line 111.


[59]
Package mdframed Info: Not enough space on this page on input line 112.

pdfTeX warning (ext4): destination with the same identifier (name{def.8}) has been already used, duplicate ignored
<to be read again> 
                   \relax 
l.117 \begin{definition}[Polynomial Ring]
                                         \label{dfn:3.1.8}
Package mdframed Info: mdframed detected package amsthm 
 changed the theorem header of amsthm
(mdframed)              on input line 117.
Package mdframed Info: mdframed detected package amsthm 
 changed the theorem header of amsthm
(mdframed)              on input line 131.
) (./files/Chapter_3/section_2.tex

[60]

Package hyperref Warning: Token not allowed in a PDF string (Unicode):
(hyperref)                removing `math shift' on input line 1.


Package hyperref Warning: Token not allowed in a PDF string (Unicode):
(hyperref)                removing `math shift' on input line 1.


pdfTeX warning (ext4): destination with the same identifier (name{def.9}) has been already used, duplicate ignored
<to be read again> 
                   \relax 
l.2 \begin{definition}[Ring Homomorphism]
                                         \label{dfn:3.2.1}
Package mdframed Info: mdframed detected package amsthm 
 changed the theorem header of amsthm
(mdframed)              on input line 2.
Package mdframed Info: mdframed detected package amsthm 
 changed the theorem header of amsthm
(mdframed)              on input line 13.

pdfTeX warning (ext4): destination with the same identifier (name{prp.4}) has been already used, duplicate ignored
<to be read again> 
                   \relax 
l.47 \begin{proposition}\label
                              {prp:3.2.1}
Package mdframed Info: mdframed detected package amsthm 
 changed the theorem header of amsthm
(mdframed)              on input line 47.
Package mdframed Info: mdframed detected package amsthm 
 changed the theorem header of amsthm
(mdframed)              on input line 49.


[61]
Package mdframed Info: mdframed detected package amsthm 
 changed the theorem header of amsthm
(mdframed)              on input line 51.

pdfTeX warning (ext4): destination with the same identifier (name{def.10}) has been already used, duplicate ignored
<to be read again> 
                   \relax 
l.84 \begin{definition}[Kernel]
                               \label{dfn:3.2.2}
Package mdframed Info: mdframed detected package amsthm 
 changed the theorem header of amsthm
(mdframed)              on input line 84.
Package mdframed Info: mdframed detected package amsthm 
 changed the theorem header of amsthm
(mdframed)              on input line 89.

pdfTeX warning (ext4): destination with the same identifier (name{prp.5}) has been already used, duplicate ignored
<to be read again> 
                   \relax 
l.91 \begin{proposition}\label
                              {prp:3.2.2}
Package mdframed Info: mdframed detected package amsthm 
 changed the theorem header of amsthm
(mdframed)              on input line 91.
Package mdframed Info: mdframed detected package amsthm 
 changed the theorem header of amsthm
(mdframed)              on input line 98.


[62]
Package mdframed Info: mdframed detected package amsthm 
 changed the theorem header of amsthm
(mdframed)              on input line 100.

pdfTeX warning (ext4): destination with the same identifier (name{def.11}) has been already used, duplicate ignored
<to be read again> 
                   \relax 
l.114 \begin{definition}[Subring]
                                 \label{dfn:3.2.3}
Package mdframed Info: mdframed detected package amsthm 
 changed the theorem header of amsthm
(mdframed)              on input line 114.
Package mdframed Info: mdframed detected package amsthm 
 changed the theorem header of amsthm
(mdframed)              on input line 116.


[63]

Package hyperref Warning: Token not allowed in a PDF string (Unicode):
(hyperref)                removing `math shift' on input line 131.


Package hyperref Warning: Token not allowed in a PDF string (Unicode):
(hyperref)                removing `\mathop' on input line 131.


Package hyperref Warning: Token not allowed in a PDF string (Unicode):
(hyperref)                removing `\mathcode' on input line 131.


Package hyperref Warning: Token not allowed in a PDF string (Unicode):
(hyperref)                removing `\mathcode' on input line 131.


Package hyperref Warning: Token not allowed in a PDF string (Unicode):
(hyperref)                removing `\mathcode' on input line 131.


Package hyperref Warning: Token not allowed in a PDF string (Unicode):
(hyperref)                removing `\mathchardef' on input line 131.


Package hyperref Warning: Token not allowed in a PDF string (Unicode):
(hyperref)                removing `\std@minus' on input line 131.


Package hyperref Warning: Token not allowed in a PDF string (Unicode):
(hyperref)                removing `\mathcode' on input line 131.


Package hyperref Warning: Token not allowed in a PDF string (Unicode):
(hyperref)                removing `\mathcode' on input line 131.


Package hyperref Warning: Token not allowed in a PDF string (Unicode):
(hyperref)                removing `\mathcode' on input line 131.


Package hyperref Warning: Token not allowed in a PDF string (Unicode):
(hyperref)                removing `\mathcode' on input line 131.


Package hyperref Warning: Token not allowed in a PDF string (Unicode):
(hyperref)                removing `\leavevmode@ifvmode' on input line 131.


Package hyperref Warning: Token not allowed in a PDF string (Unicode):
(hyperref)                \kern 2.41927pt
(hyperref)                removed on input line 131.


Package hyperref Warning: Token not allowed in a PDF string (Unicode):
(hyperref)                removing `\mathgroup' on input line 131.


Package hyperref Warning: Token not allowed in a PDF string (Unicode):
(hyperref)                removing `\symoperators' on input line 131.


Package hyperref Warning: Token not allowed in a PDF string (Unicode):
(hyperref)                removing `\@ifnextchar' on input line 131.


Package hyperref Warning: Token not allowed in a PDF string (Unicode):
(hyperref)                removing `subscript' on input line 131.


Package hyperref Warning: Token not allowed in a PDF string (Unicode):
(hyperref)                removing `math shift' on input line 131.


pdfTeX warning (ext4): destination with the same identifier (name{prp.6}) has been already used, duplicate ignored
<to be read again> 
                   \relax 
l.133 \begin{proposition}\label
                               {prp:3.2.3}
Package mdframed Info: mdframed detected package amsthm 
 changed the theorem header of amsthm
(mdframed)              on input line 133.
Package mdframed Info: mdframed detected package amsthm 
 changed the theorem header of amsthm
(mdframed)              on input line 135.
Package mdframed Info: mdframed detected package amsthm 
 changed the theorem header of amsthm
(mdframed)              on input line 137.

pdfTeX warning (ext4): destination with the same identifier (name{prp.7}) has been already used, duplicate ignored
<to be read again> 
                   \relax 
l.156 \begin{proposition}\label
                               {prp:3.2.4}
Package mdframed Info: mdframed detected package amsthm 
 changed the theorem header of amsthm
(mdframed)              on input line 156.
Package mdframed Info: mdframed detected package amsthm 
 changed the theorem header of amsthm
(mdframed)              on input line 158.
Package mdframed Info: mdframed detected package amsthm 
 changed the theorem header of amsthm
(mdframed)              on input line 160.


[64]) (./files/Chapter_3/section_3.tex
pdfTeX warning (ext4): destination with the same identifier (name{def.12}) has been already used, duplicate ignored
<to be read again> 
                   \relax 
l.8 \begin{definition}[Ideal]
                             \label{dfn:3.3.1}
Package mdframed Info: mdframed detected package amsthm 
 changed the theorem header of amsthm
(mdframed)              on input line 8.
Package mdframed Info: mdframed detected package amsthm 
 changed the theorem header of amsthm
(mdframed)              on input line 10.

pdfTeX warning (ext4): destination with the same identifier (name{prp.8}) has been already used, duplicate ignored
<to be read again> 
                   \relax 
l.15 \begin{proposition}\label
                              {prp:3.3.1}
Package mdframed Info: mdframed detected package amsthm 
 changed the theorem header of amsthm
(mdframed)              on input line 15.
Package mdframed Info: mdframed detected package amsthm 
 changed the theorem header of amsthm
(mdframed)              on input line 17.
Package mdframed Info: mdframed detected package amsthm 
 changed the theorem header of amsthm
(mdframed)              on input line 19.


[65]
pdfTeX warning (ext4): destination with the same identifier (name{def.13}) has been already used, duplicate ignored
<to be read again> 
                   \relax 
l.35 \begin{definition}[Quotient Ring]
                                      \label{dfn:3.3.2}
Package mdframed Info: mdframed detected package amsthm 
 changed the theorem header of amsthm
(mdframed)              on input line 35.
Package mdframed Info: mdframed detected package amsthm 
 changed the theorem header of amsthm
(mdframed)              on input line 37.

pdfTeX warning (ext4): destination with the same identifier (name{def.14}) has been already used, duplicate ignored
<to be read again> 
                   \relax 
l.40 \begin{definition}[Characteristic]
                                       \label{dfn:3.3.3}
Package mdframed Info: mdframed detected package amsthm 
 changed the theorem header of amsthm
(mdframed)              on input line 40.
Package mdframed Info: mdframed detected package amsthm 
 changed the theorem header of amsthm
(mdframed)              on input line 42.

pdfTeX warning (ext4): destination with the same identifier (name{thm.1}) has been already used, duplicate ignored
<to be read again> 
                   \relax 
l.45 \begin{theorem}\label
                          {thm:3.3.1}
Package mdframed Info: mdframed detected package amsthm 
 changed the theorem header of amsthm
(mdframed)              on input line 45.
Package mdframed Info: mdframed detected package amsthm 
 changed the theorem header of amsthm
(mdframed)              on input line 52.
Package mdframed Info: mdframed detected package amsthm 
 changed the theorem header of amsthm
(mdframed)              on input line 54.

pdfTeX warning (ext4): destination with the same identifier (name{thm.2}) has been already used, duplicate ignored
<to be read again> 
                   \relax 
l.58 \begin{theorem}[Canonical Decomposition]
                                             \label{thm:3.3.2}
Package mdframed Info: mdframed detected package amsthm 
 changed the theorem header of amsthm
(mdframed)              on input line 58.
Package mdframed Info: mdframed detected package amsthm 
 changed the theorem header of amsthm
(mdframed)              on input line 64.
Package mdframed Info: mdframed detected package amsthm 
 changed the theorem header of amsthm
(mdframed)              on input line 66.
Package mdframed Info: Not enough space on this page on input line 67.


[66]
Package mdframed Info: Not enough space on this page on input line 67.

pdfTeX warning (ext4): destination with the same identifier (name{corr.1}) has been already used, duplicate ignored
<to be read again> 
                   \relax 
l.68 \begin{corollary}[First Isomorphism Theorem]
                                                 \label{cor:3.3.1}
Package mdframed Info: mdframed detected package amsthm 
 changed the theorem header of amsthm
(mdframed)              on input line 68.
Package mdframed Info: mdframed detected package amsthm 
 changed the theorem header of amsthm
(mdframed)              on input line 73.

pdfTeX warning (ext4): destination with the same identifier (name{prp.9}) has been already used, duplicate ignored
<to be read again> 
                   \relax 
l.75 ...in{proposition}[Third Isomorphism Theorem]
                                                  \label{prp:3.3.2}
Package mdframed Info: mdframed detected package amsthm 
 changed the theorem header of amsthm
(mdframed)              on input line 75.
Package mdframed Info: mdframed detected package amsthm 
 changed the theorem header of amsthm
(mdframed)              on input line 80.
Package mdframed Info: mdframed detected package amsthm 
 changed the theorem header of amsthm
(mdframed)              on input line 82.


LaTeX Warning: Reference `3.3.1' on page 67 undefined on input line 86.

) (./files/Chapter_3/section_4.tex
pdfTeX warning (ext4): destination with the same identifier (name{def.15}) has been already used, duplicate ignored
<to be read again> 
                   \relax 
l.4 \begin{definition}[Principal Ideal]
                                       \label{dfn:3.4.1}

[67]
Package mdframed Info: mdframed detected package amsthm 
 changed the theorem header of amsthm
(mdframed)              on input line 4.
Package mdframed Info: mdframed detected package amsthm 
 changed the theorem header of amsthm
(mdframed)              on input line 9.

pdfTeX warning (ext4): destination with the same identifier (name{def.16}) has been already used, duplicate ignored
<to be read again> 
                   \relax 
l.39 \begin{definition}[Noetherian]
                                   \label{dfn:3.3.2}
Package mdframed Info: mdframed detected package amsthm 
 changed the theorem header of amsthm
(mdframed)              on input line 39.
Package mdframed Info: mdframed detected package amsthm 
 changed the theorem header of amsthm
(mdframed)              on input line 41.

pdfTeX warning (ext4): destination with the same identifier (name{def.17}) has been already used, duplicate ignored
<to be read again> 
                   \relax 
l.42 \begin{definition}[Principal Ideal Domain]
                                               \label{dfn:3.4.3}
Package mdframed Info: mdframed detected package amsthm 
 changed the theorem header of amsthm
(mdframed)              on input line 42.
Package mdframed Info: mdframed detected package amsthm 
 changed the theorem header of amsthm
(mdframed)              on input line 44.

pdfTeX warning (ext4): destination with the same identifier (name{prp.10}) has been already used, duplicate ignored
<to be read again> 
                   \relax 
l.45 \begin{proposition}\label
                              {prp:3.4.1}
Package mdframed Info: mdframed detected package amsthm 
 changed the theorem header of amsthm
(mdframed)              on input line 45.
Package mdframed Info: mdframed detected package amsthm 
 changed the theorem header of amsthm
(mdframed)              on input line 47.
Package mdframed Info: mdframed detected package amsthm 
 changed the theorem header of amsthm
(mdframed)              on input line 49.


[68]
pdfTeX warning (ext4): destination with the same identifier (name{lma.2}) has been already used, duplicate ignored
<to be read again> 
                   \relax 
l.65 \begin{lemma}\label
                        {lma:3.4.1}
Package mdframed Info: mdframed detected package amsthm 
 changed the theorem header of amsthm
(mdframed)              on input line 65.
Package mdframed Info: mdframed detected package amsthm 
 changed the theorem header of amsthm
(mdframed)              on input line 71.
Package mdframed Info: mdframed detected package amsthm 
 changed the theorem header of amsthm
(mdframed)              on input line 73.

pdfTeX warning (ext4): destination with the same identifier (name{prp.11}) has been already used, duplicate ignored
<to be read again> 
                   \relax 
l.96 \begin{proposition}\label
                              {prp:3.4.2}

[69]
Package mdframed Info: mdframed detected package amsthm 
 changed the theorem header of amsthm
(mdframed)              on input line 96.
Package mdframed Info: mdframed detected package amsthm 
 changed the theorem header of amsthm
(mdframed)              on input line 101.
Package mdframed Info: mdframed detected package amsthm 
 changed the theorem header of amsthm
(mdframed)              on input line 103.


[70]
pdfTeX warning (ext4): destination with the same identifier (name{def.18}) has been already used, duplicate ignored
<to be read again> 
                   \relax 
l.152 \begin{definition}[Prime/Maximal Ideal]
                                             \label{dfn:3.4.4}
Package mdframed Info: mdframed detected package amsthm 
 changed the theorem header of amsthm
(mdframed)              on input line 152.
Package mdframed Info: mdframed detected package amsthm 
 changed the theorem header of amsthm
(mdframed)              on input line 154.

pdfTeX warning (ext4): destination with the same identifier (name{prp.12}) has been already used, duplicate ignored
<to be read again> 
                   \relax 
l.157 \begin{proposition}\label
                               {prp:3.4.3}
Package mdframed Info: mdframed detected package amsthm 
 changed the theorem header of amsthm
(mdframed)              on input line 157.
Package mdframed Info: mdframed detected package amsthm 
 changed the theorem header of amsthm
(mdframed)              on input line 169.
Package mdframed Info: mdframed detected package amsthm 
 changed the theorem header of amsthm
(mdframed)              on input line 171.

pdfTeX warning (ext4): destination with the same identifier (name{prp.13}) has been already used, duplicate ignored
<to be read again> 
                   \relax 
l.181 \begin{proposition}\label
                               {prp:3.4.4}
Package mdframed Info: mdframed detected package amsthm 
 changed the theorem header of amsthm
(mdframed)              on input line 181.
Package mdframed Info: mdframed detected package amsthm 
 changed the theorem header of amsthm
(mdframed)              on input line 183.


[71]
Package mdframed Info: mdframed detected package amsthm 
 changed the theorem header of amsthm
(mdframed)              on input line 185.

pdfTeX warning (ext4): destination with the same identifier (name{prp.14}) has been already used, duplicate ignored
<to be read again> 
                   \relax 
l.189 \begin{proposition}\label
                               {prp:3.4.5}
Package mdframed Info: mdframed detected package amsthm 
 changed the theorem header of amsthm
(mdframed)              on input line 189.
Package mdframed Info: mdframed detected package amsthm 
 changed the theorem header of amsthm
(mdframed)              on input line 191.
Package mdframed Info: mdframed detected package amsthm 
 changed the theorem header of amsthm
(mdframed)              on input line 193.

pdfTeX warning (ext4): destination with the same identifier (name{def.19}) has been already used, duplicate ignored
<to be read again> 
                   \relax 
l.196 \begin{definition}[Spectrum]
                                  \label{dfn:3.4.5}
Package mdframed Info: mdframed detected package amsthm 
 changed the theorem header of amsthm
(mdframed)              on input line 196.
Package mdframed Info: mdframed detected package amsthm 
 changed the theorem header of amsthm
(mdframed)              on input line 198.

pdfTeX warning (ext4): destination with the same identifier (name{def.20}) has been already used, duplicate ignored
<to be read again> 
                   \relax 
l.204 \begin{definition}[Krull Dimension]
                                         \label{dfn:3.3.6}
Package mdframed Info: mdframed detected package amsthm 
 changed the theorem header of amsthm
(mdframed)              on input line 204.
Package mdframed Info: mdframed detected package amsthm 
 changed the theorem header of amsthm
(mdframed)              on input line 206.
) (./files/Chapter_3/section_5.tex

[72]

Package hyperref Warning: Token not allowed in a PDF string (Unicode):
(hyperref)                removing `math shift' on input line 6.


Package hyperref Warning: Token not allowed in a PDF string (Unicode):
(hyperref)                removing `math shift' on input line 6.


pdfTeX warning (ext4): destination with the same identifier (name{def.21}) has been already used, duplicate ignored
<to be read again> 
                   \relax 
l.28 \begin{definition}[Left-$R$-module]
                                        \label{dfn:3.5.1}
Package mdframed Info: mdframed detected package amsthm 
 changed the theorem header of amsthm
(mdframed)              on input line 28.
Package mdframed Info: mdframed detected package amsthm 
 changed the theorem header of amsthm
(mdframed)              on input line 30.


Package hyperref Warning: Token not allowed in a PDF string (Unicode):
(hyperref)                removing `math shift' on input line 33.


Package hyperref Warning: Token not allowed in a PDF string (Unicode):
(hyperref)                removing `math shift' on input line 33.


Package hyperref Warning: Token not allowed in a PDF string (Unicode):
(hyperref)                removing `math shift' on input line 33.


Package hyperref Warning: Token not allowed in a PDF string (Unicode):
(hyperref)                removing `math shift' on input line 33.


pdfTeX warning (ext4): destination with the same identifier (name{prp.15}) has been already used, duplicate ignored
<to be read again> 
                   \relax 
l.45 \begin{proposition}\label
                              {prp:3.5.1}

[73]
Package mdframed Info: mdframed detected package amsthm 
 changed the theorem header of amsthm
(mdframed)              on input line 45.
Package mdframed Info: mdframed detected package amsthm 
 changed the theorem header of amsthm
(mdframed)              on input line 47.
Package mdframed Info: mdframed detected package amsthm 
 changed the theorem header of amsthm
(mdframed)              on input line 49.

pdfTeX warning (ext4): destination with the same identifier (name{def.22}) has been already used, duplicate ignored
<to be read again> 
                   \relax 
l.60 \begin{definition}[$R$-$\mathsf{Mod}$]
                                           \label{dfn:3.5.2}
Package mdframed Info: mdframed detected package amsthm 
 changed the theorem header of amsthm
(mdframed)              on input line 60.
Package mdframed Info: mdframed detected package amsthm 
 changed the theorem header of amsthm
(mdframed)              on input line 62.

pdfTeX warning (ext4): destination with the same identifier (name{def.23}) has been already used, duplicate ignored
<to be read again> 
                   \relax 
l.73 \begin{definition}[$R$-algebra]
                                    \label{dfn:3.5.3}
Package mdframed Info: mdframed detected package amsthm 
 changed the theorem header of amsthm
(mdframed)              on input line 73.
Package mdframed Info: mdframed detected package amsthm 
 changed the theorem header of amsthm
(mdframed)              on input line 75.


[74]

[75]
pdfTeX warning (ext4): destination with the same identifier (name{thm.3}) has been already used, duplicate ignored
<to be read again> 
                   \relax 
l.129 \begin{theorem}\label
                           {thm:3.5.1}
Package mdframed Info: mdframed detected package amsthm 
 changed the theorem header of amsthm
(mdframed)              on input line 129.
Package mdframed Info: mdframed detected package amsthm 
 changed the theorem header of amsthm
(mdframed)              on input line 136.
Package mdframed Info: mdframed detected package amsthm 
 changed the theorem header of amsthm
(mdframed)              on input line 138.
Package mdframed Info: mdframed detected package amsthm 
 changed the theorem header of amsthm
(mdframed)              on input line 147.
Package mdframed Info: mdframed detected package amsthm 
 changed the theorem header of amsthm
(mdframed)              on input line 152.
Package mdframed Info: mdframed detected package amsthm 
 changed the theorem header of amsthm
(mdframed)              on input line 154.


[76]
Package mdframed Info: Not enough space on this page on input line 155.

pdfTeX warning (ext4): destination with the same identifier (name{corr.2}) has been already used, duplicate ignored
<to be read again> 
                   \relax 
l.156 \begin{corollary}[First Isomorphism Theorem]
                                                  \label{cor:3.5.1}
Package mdframed Info: mdframed detected package amsthm 
 changed the theorem header of amsthm
(mdframed)              on input line 156.
Package mdframed Info: mdframed detected package amsthm 
 changed the theorem header of amsthm
(mdframed)              on input line 161.
Package mdframed Info: mdframed detected package amsthm 
 changed the theorem header of amsthm
(mdframed)              on input line 163.

pdfTeX warning (ext4): destination with the same identifier (name{prp.16}) has been already used, duplicate ignored
<to be read again> 
                   \relax 
l.167 ...n{proposition}[Third Isomorphism Theorem]
                                                  \label{prp:3.5.2}
Package mdframed Info: mdframed detected package amsthm 
 changed the theorem header of amsthm
(mdframed)              on input line 167.
Package mdframed Info: mdframed detected package amsthm 
 changed the theorem header of amsthm
(mdframed)              on input line 172.
Package mdframed Info: mdframed detected package amsthm 
 changed the theorem header of amsthm
(mdframed)              on input line 174.

pdfTeX warning (ext4): destination with the same identifier (name{prp.17}) has been already used, duplicate ignored
<to be read again> 
                   \relax 
l.185 ...{proposition}[Second Isomorphism Theorem]
                                                  \label{prp:3.5.3}
Package mdframed Info: mdframed detected package amsthm 
 changed the theorem header of amsthm
(mdframed)              on input line 185.
Package mdframed Info: mdframed detected package amsthm 
 changed the theorem header of amsthm
(mdframed)              on input line 194.
Package mdframed Info: mdframed detected package amsthm 
 changed the theorem header of amsthm
(mdframed)              on input line 196.
) (./files/Chapter_3/section_6.tex

Package hyperref Warning: Token not allowed in a PDF string (Unicode):
(hyperref)                removing `math shift' on input line 1.


Package hyperref Warning: Token not allowed in a PDF string (Unicode):
(hyperref)                removing `math shift' on input line 1.



[77]
pdfTeX warning (ext4): destination with the same identifier (name{prp.18}) has been already used, duplicate ignored
<to be read again> 
                   \relax 
l.17 \begin{proposition}\label
                              {prp:3.6.1}
Package mdframed Info: mdframed detected package amsthm 
 changed the theorem header of amsthm
(mdframed)              on input line 17.
Package mdframed Info: mdframed detected package amsthm 
 changed the theorem header of amsthm
(mdframed)              on input line 19.
Package mdframed Info: mdframed detected package amsthm 
 changed the theorem header of amsthm
(mdframed)              on input line 21.


[78]
pdfTeX warning (ext4): destination with the same identifier (name{prp.19}) has been already used, duplicate ignored
<to be read again> 
                   \relax 
l.60 \begin{proposition}\label
                              {prp:3.6.2}
Package mdframed Info: mdframed detected package amsthm 
 changed the theorem header of amsthm
(mdframed)              on input line 60.
Package mdframed Info: mdframed detected package amsthm 
 changed the theorem header of amsthm
(mdframed)              on input line 76.
Package mdframed Info: mdframed detected package amsthm 
 changed the theorem header of amsthm
(mdframed)              on input line 78.
Package mdframed Info: Not enough space on this page on input line 119.


[79]
Package mdframed Info: Not enough space on this page on input line 119.


[80]
pdfTeX warning (ext4): destination with the same identifier (name{prp.20}) has been already used, duplicate ignored
<to be read again> 
                   \relax 
l.149 \begin{proposition}\label
                               {prp:3.6.3}
Package mdframed Info: mdframed detected package amsthm 
 changed the theorem header of amsthm
(mdframed)              on input line 149.
Package mdframed Info: mdframed detected package amsthm 
 changed the theorem header of amsthm
(mdframed)              on input line 153.
Package mdframed Info: mdframed detected package amsthm 
 changed the theorem header of amsthm
(mdframed)              on input line 155.
Package mdframed Info: Box was splittet wrong
 starting loop to iterate the splitting point
(mdframed)              on input line 184.


[81]
pdfTeX warning (ext4): destination with the same identifier (name{def.24}) has been already used, duplicate ignored
<to be read again> 
                   \relax 
l.185 \begin{definition}[Free $R$-Module]
                                         \label{dfn:3.6.1}
Package mdframed Info: mdframed detected package amsthm 
 changed the theorem header of amsthm
(mdframed)              on input line 185.
Package mdframed Info: mdframed detected package amsthm 
 changed the theorem header of amsthm
(mdframed)              on input line 187.

pdfTeX warning (ext4): destination with the same identifier (name{prp.21}) has been already used, duplicate ignored
<to be read again> 
                   \relax 
l.192 \begin{proposition}\label
                               {prp:3.6.4}
Package mdframed Info: mdframed detected package amsthm 
 changed the theorem header of amsthm
(mdframed)              on input line 192.
Package mdframed Info: mdframed detected package amsthm 
 changed the theorem header of amsthm
(mdframed)              on input line 194.
Package mdframed Info: mdframed detected package amsthm 
 changed the theorem header of amsthm
(mdframed)              on input line 196.
Package mdframed Info: Box was splittet wrong
 starting loop to iterate the splitting point
(mdframed)              on input line 204.


[82]
pdfTeX warning (ext4): destination with the same identifier (name{def.25}) has been already used, duplicate ignored
<to be read again> 
                   \relax 
l.206 ...in{definition}[(Finite) Free $R$-Algebra]
                                                  \label{dfn:3.6.2}
Package mdframed Info: mdframed detected package amsthm 
 changed the theorem header of amsthm
(mdframed)              on input line 206.
Package mdframed Info: mdframed detected package amsthm 
 changed the theorem header of amsthm
(mdframed)              on input line 208.

pdfTeX warning (ext4): destination with the same identifier (name{def.26}) has been already used, duplicate ignored
<to be read again> 
                   \relax 
l.214 ...definition}[Submodule Generated by a Set]
                                                  \label{dfn:3.6.3}
Package mdframed Info: mdframed detected package amsthm 
 changed the theorem header of amsthm
(mdframed)              on input line 214.
Package mdframed Info: mdframed detected package amsthm 
 changed the theorem header of amsthm
(mdframed)              on input line 216.

pdfTeX warning (ext4): destination with the same identifier (name{def.27}) has been already used, duplicate ignored
<to be read again> 
                   \relax 
l.231 \begin{definition}[Noetherian Module]
                                           \label{dfn:3.6.4}
Package mdframed Info: mdframed detected package amsthm 
 changed the theorem header of amsthm
(mdframed)              on input line 231.
Package mdframed Info: mdframed detected package amsthm 
 changed the theorem header of amsthm
(mdframed)              on input line 233.

pdfTeX warning (ext4): destination with the same identifier (name{prp.22}) has been already used, duplicate ignored
<to be read again> 
                   \relax 
l.236 \begin{proposition}\label
                               {prp:3.6.5}
Package mdframed Info: mdframed detected package amsthm 
 changed the theorem header of amsthm
(mdframed)              on input line 236.
Package mdframed Info: mdframed detected package amsthm 
 changed the theorem header of amsthm
(mdframed)              on input line 238.
Package mdframed Info: mdframed detected package amsthm 
 changed the theorem header of amsthm
(mdframed)              on input line 240.


[83]
Package mdframed Info: Not enough space on this page on input line 261.

pdfTeX warning (ext4): destination with the same identifier (name{corr.3}) has been already used, duplicate ignored
<to be read again> 
                   \relax 
l.263 	L
        et $R$ be a Noetherian ring, and let $M$ be a finitely-generated $R$...
Package mdframed Info: mdframed detected package amsthm 
 changed the theorem header of amsthm
(mdframed)              on input line 263.
Package mdframed Info: mdframed detected package amsthm 
 changed the theorem header of amsthm
(mdframed)              on input line 264.
Package mdframed Info: mdframed detected package amsthm 
 changed the theorem header of amsthm
(mdframed)              on input line 266.


[84]
pdfTeX warning (ext4): destination with the same identifier (name{def.28}) has been already used, duplicate ignored
<to be read again> 
                   \relax 
l.277 \begin{definition}[Finite Type]
                                     \label{dfn:3.6.3}
Package mdframed Info: mdframed detected package amsthm 
 changed the theorem header of amsthm
(mdframed)              on input line 277.
Package mdframed Info: mdframed detected package amsthm 
 changed the theorem header of amsthm
(mdframed)              on input line 279.
) (./files/Chapter_3/section_7.tex
pdfTeX warning (ext4): destination with the same identifier (name{def.29}) has been already used, duplicate ignored
<to be read again> 
                   \relax 
l.4 \begin{definition}[Chain Complex]
                                     \label{dfn:3.7.1}
Package mdframed Info: mdframed detected package amsthm 
 changed the theorem header of amsthm
(mdframed)              on input line 4.
Package mdframed Info: mdframed detected package amsthm 
 changed the theorem header of amsthm
(mdframed)              on input line 10.

pdfTeX warning (ext4): destination with the same identifier (name{prp.23}) has been already used, duplicate ignored
<to be read again> 
                   \relax 
l.21 \begin{proposition}\label
                              {prp:3.7.1}

[85]
Package mdframed Info: mdframed detected package amsthm 
 changed the theorem header of amsthm
(mdframed)              on input line 21.
Package mdframed Info: mdframed detected package amsthm 
 changed the theorem header of amsthm
(mdframed)              on input line 31.
Package mdframed Info: mdframed detected package amsthm 
 changed the theorem header of amsthm
(mdframed)              on input line 33.

pdfTeX warning (ext4): destination with the same identifier (name{def.30}) has been already used, duplicate ignored
<to be read again> 
                   \relax 
l.41 \begin{definition}[Short Exact Sequence]
                                             \label{dfn:3.7.2}
Package mdframed Info: mdframed detected package amsthm 
 changed the theorem header of amsthm
(mdframed)              on input line 41.
Package mdframed Info: mdframed detected package amsthm 
 changed the theorem header of amsthm
(mdframed)              on input line 46.


[86]
pdfTeX warning (ext4): destination with the same identifier (name{prp.24}) has been already used, duplicate ignored
<to be read again> 
                   \relax 
l.85 \begin{proposition}\label
                              {prp:3.7.2}
Package mdframed Info: mdframed detected package amsthm 
 changed the theorem header of amsthm
(mdframed)              on input line 85.
Package mdframed Info: mdframed detected package amsthm 
 changed the theorem header of amsthm
(mdframed)              on input line 99.


[87]
Package mdframed Info: mdframed detected package amsthm 
 changed the theorem header of amsthm
(mdframed)              on input line 101.
Package mdframed Info: Box was splittet wrong
 starting loop to iterate the splitting point
(mdframed)              on input line 154.


[88]
pdfTeX warning (ext4): destination with the same identifier (name{def.31}) has been already used, duplicate ignored
<to be read again> 
                   \relax 
l.161 \begin{definition}[Homology]
                                  \label{dfn:3.7.3}
Package mdframed Info: mdframed detected package amsthm 
 changed the theorem header of amsthm
(mdframed)              on input line 161.
Package mdframed Info: mdframed detected package amsthm 
 changed the theorem header of amsthm
(mdframed)              on input line 171.


[89]
pdfTeX warning (ext4): destination with the same identifier (name{lma.3}) has been already used, duplicate ignored
<to be read again> 
                   \relax 
l.185 \begin{lemma}[The Snake Lemma]
                                    \label{lma:3.7.1}
Package mdframed Info: mdframed detected package amsthm 
 changed the theorem header of amsthm
(mdframed)              on input line 185.
Package mdframed Info: mdframed detected package amsthm 
 changed the theorem header of amsthm
(mdframed)              on input line 195.


[90]

[91]

[92]
pdfTeX warning (ext4): destination with the same identifier (name{corr.4}) has been already used, duplicate ignored
<to be read again> 
                   \relax 
l.299 	I
        n the same situation as the snake lemma, if $\mu $ is surjective and...
Package mdframed Info: mdframed detected package amsthm 
 changed the theorem header of amsthm
(mdframed)              on input line 299.
Package mdframed Info: mdframed detected package amsthm 
 changed the theorem header of amsthm
(mdframed)              on input line 300.
Package mdframed Info: mdframed detected package amsthm 
 changed the theorem header of amsthm
(mdframed)              on input line 302.
)) (./files/Chapter_4.tex

[93]
Chapter 4.
(./files/Chapter_4/section_1.tex) (./files/Chapter_4/section_2.tex) (./files/Chapter_4/section_3.tex) (./files/Chapter_4/section_4.tex) (./files/Chapter_4/section_5.tex) (./files/Chapter_4/section_6.tex))

[94

] (./Algebra_Aluffi.aux)
 ***********
LaTeX2e <2024-11-01> patch level 1
L3 programming layer <2024-11-02>
 ***********


LaTeX Warning: There were undefined references.


LaTeX Warning: There were multiply-defined labels.

Package rerunfilecheck Info: File `Algebra_Aluffi.out' has not changed.
(rerunfilecheck)             Checksum: 6410F6567F6252260FC8CAA97EEFB76E;20366.
 ) 
Here is how much of TeX's memory you used:
 48789 strings out of 473330
 1139997 string characters out of 5719768
 1626988 words of memory out of 5000000
 70712 multiletter control sequences out of 15000+600000
 593363 words of font info for 145 fonts, out of 8000000 for 9000
 1141 hyphenation exceptions out of 8191
 89i,16n,100p,3298b,1300s stack positions out of 10000i,1000n,20000p,200000b,200000s
 </home/hyperion/.texlive2024/texmf-var/fonts/pk/ljfour/public/bbm/bbm8.600pk> </home/hyperion/.texlive2024/texmf-var/fonts/pk/ljfour/public/bbm/bbm10.657pk></usr/local/texlive/2024/texmf-dist/fonts/type1/public/amsfonts/cm/cmbx10.pfb></usr/local/texlive/2024/texmf-dist/fonts/type1/public/amsfonts/cm/cmbx8.pfb></usr/local/texlive/2024/texmf-dist/fonts/type1/public/amsfonts/cm/cmex10.pfb></usr/local/texlive/2024/texmf-dist/fonts/type1/public/amsfonts/cmextra/cmex8.pfb></usr/local/texlive/2024/texmf-dist/fonts/type1/public/amsfonts/cm/cmmi10.pfb></usr/local/texlive/2024/texmf-dist/fonts/type1/public/amsfonts/cm/cmmi12.pfb></usr/local/texlive/2024/texmf-dist/fonts/type1/public/amsfonts/cm/cmmi6.pfb></usr/local/texlive/2024/texmf-dist/fonts/type1/public/amsfonts/cm/cmmi8.pfb></usr/local/texlive/2024/texmf-dist/fonts/type1/public/amsfonts/cm/cmr10.pfb></usr/local/texlive/2024/texmf-dist/fonts/type1/public/amsfonts/cm/cmr12.pfb></usr/local/texlive/2024/texmf-dist/fonts/type1/public/amsfonts/cm/cmr6.pfb></usr/local/texlive/2024/texmf-dist/fonts/type1/public/amsfonts/cm/cmr8.pfb></usr/local/texlive/2024/texmf-dist/fonts/type1/public/amsfonts/cm/cmss10.pfb></usr/local/texlive/2024/texmf-dist/fonts/type1/public/amsfonts/cm/cmss12.pfb></usr/local/texlive/2024/texmf-dist/fonts/type1/public/amsfonts/cm/cmss8.pfb></usr/local/texlive/2024/texmf-dist/fonts/type1/public/amsfonts/cm/cmsy10.pfb></usr/local/texlive/2024/texmf-dist/fonts/type1/public/amsfonts/cm/cmsy6.pfb></usr/local/texlive/2024/texmf-dist/fonts/type1/public/amsfonts/cm/cmsy8.pfb></usr/local/texlive/2024/texmf-dist/fonts/type1/public/amsfonts/symbols/msam10.pfb></usr/local/texlive/2024/texmf-dist/fonts/type1/public/amsfonts/symbols/msbm10.pfb></usr/local/texlive/2024/texmf-dist/fonts/type1/public/rsfs/rsfs10.pfb></usr/local/texlive/2024/texmf-dist/fonts/type1/public/cm-super/sfbi1200.pfb></usr/local/texlive/2024/texmf-dist/fonts/type1/public/cm-super/sfbx1095.pfb></usr/local/texlive/2024/texmf-dist/fonts/type1/public
/cm-super/sfbx1200.pfb></usr/local/texlive/2024/texmf-dist/fonts/type1/public/cm-super/sfbx1440.pfb></usr/local/texlive/2024/texmf-dist/fonts/type1/public/cm-super/sfbx2074.pfb></usr/local/texlive/2024/texmf-dist/fonts/type1/public/cm-super/sfbx2488.pfb></usr/local/texlive/2024/texmf-dist/fonts/type1/public/cm-super/sfrm0800.pfb></usr/local/texlive/2024/texmf-dist/fonts/type1/public/cm-super/sfrm0900.pfb></usr/local/texlive/2024/texmf-dist/fonts/type1/public/cm-super/sfrm1095.pfb></usr/local/texlive/2024/texmf-dist/fonts/type1/public/cm-super/sfrm1440.pfb></usr/local/texlive/2024/texmf-dist/fonts/type1/public/cm-super/sfrm2074.pfb></usr/local/texlive/2024/texmf-dist/fonts/type1/public/cm-super/sfti0600.pfb></usr/local/texlive/2024/texmf-dist/fonts/type1/public/cm-super/sfti0800.pfb></usr/local/texlive/2024/texmf-dist/fonts/type1/public/cm-super/sfti1095.pfb>
Output written on Algebra_Aluffi.pdf (96 pages, 1022444 bytes).
PDF statistics:
 1541 PDF objects out of 1728 (max. 8388607)
 1354 compressed objects within 14 object streams
 382 named destinations out of 1000 (max. 500000)
 954 words of extra memory for PDF output out of 10000 (max. 10000000)

